date,open,high,low,close,adj close,volume
2007-01-03,12459.540039,12580.349609,12404.820313,12474.519531,12474.519531,327200000
2007-01-04,12473.160156,12510.410156,12403.860352,12480.690430,12480.690430,259060000
2007-01-05,12480.049805,12480.129883,12365.410156,12398.009766,12398.009766,235220000
2007-01-08,12392.009766,12445.919922,12337.370117,12423.490234,12423.490234,223500000
2007-01-09,12424.769531,12466.429688,12369.169922,12416.599609,12416.599609,225190000
2007-01-10,12417.000000,12451.610352,12355.629883,12442.160156,12442.160156,226570000
2007-01-11,12442.959961,12544.459961,12442.959961,12514.980469,12514.980469,261720000
2007-01-12,12514.660156,12561.040039,12489.660156,12556.080078,12556.080078,256530000
2007-01-16,12555.839844,12585.080078,12538.929688,12582.589844,12582.589844,242720000
2007-01-17,12571.459961,12614.000000,12550.549805,12577.150391,12577.150391,272720000
2007-01-18,12575.059570,12611.910156,12547.339844,12567.929688,12567.929688,250690000
2007-01-19,12567.929688,12586.839844,12523.549805,12565.530273,12565.530273,287480000
2007-01-22,12565.530273,12572.580078,12450.889648,12477.160156,12477.160156,293400000
2007-01-23,12477.809570,12554.230469,12468.349609,12533.799805,12533.799805,236760000
2007-01-24,12534.370117,12623.450195,12531.080078,12621.769531,12621.769531,216920000
2007-01-25,12621.769531,12622.650391,12487.339844,12502.559570,12502.559570,275780000
2007-01-26,12503.280273,12539.089844,12431.339844,12487.019531,12487.019531,247020000
2007-01-29,12487.099609,12542.700195,12481.490234,12490.780273,12490.780273,234510000
2007-01-30,12492.230469,12538.450195,12459.459961,12523.309570,12523.309570,244040000
2007-01-31,12520.030273,12657.019531,12505.200195,12621.690430,12621.690430,258410000
2007-02-01,12617.200195,12682.570313,12616.080078,12673.679688,12673.679688,235130000
2007-02-02,12673.839844,12683.929688,12638.349609,12653.490234,12653.490234,203610000
2007-02-05,12653.410156,12681.209961,12629.860352,12661.740234,12661.740234,204140000
2007-02-06,12661.660156,12680.570313,12633.940430,12666.309570,12666.309570,201010000
2007-02-07,12656.860352,12700.280273,12630.500000,12666.870117,12666.870117,194020000
2007-02-08,12665.669922,12665.830078,12575.860352,12637.629883,12637.629883,193820000
2007-02-09,12638.030273,12675.679688,12545.099609,12580.830078,12580.830078,220330000
2007-02-12,12580.110352,12607.509766,12536.209961,12552.549805,12552.549805,174980000
2007-02-13,12549.190430,12658.219727,12549.190430,12654.849609,12654.849609,204940000
2007-02-14,12651.290039,12759.400391,12651.209961,12741.860352,12741.860352,210880000
2007-02-15,12741.700195,12779.030273,12728.719727,12765.009766,12765.009766,183280000
2007-02-16,12764.129883,12769.169922,12744.019531,12767.570313,12767.570313,243560000
2007-02-20,12766.849609,12795.929688,12704.679688,12786.639648,12786.639648,205760000
2007-02-21,12782.870117,12782.870117,12707.169922,12738.410156,12738.410156,213470000
2007-02-22,12735.769531,12763.730469,12650.610352,12686.019531,12686.019531,206860000
2007-02-23,12679.889648,12682.129883,12628.019531,12647.480469,12647.480469,215430000
2007-02-26,12647.879883,12697.230469,12608.469727,12632.259766,12632.259766,230080000
2007-02-27,12628.900391,12629.379883,12086.059570,12216.240234,12216.240234,393300000
2007-02-28,12214.919922,12353.469727,12186.040039,12268.629883,12268.629883,412820000
2007-03-01,12268.629883,12289.219727,12059.540039,12234.339844,12234.339844,372010000
2007-03-02,12233.780273,12247.400391,12107.370117,12114.099609,12114.099609,315180000
2007-03-05,12111.610352,12188.839844,12039.110352,12050.410156,12050.410156,278770000
2007-03-06,12051.169922,12224.410156,12050.610352,12207.589844,12207.589844,278810000
2007-03-07,12204.459961,12256.940430,12178.990234,12192.450195,12192.450195,263540000
2007-03-08,12193.330078,12303.639648,12193.330078,12260.700195,12260.700195,241070000
2007-03-09,12262.059570,12330.879883,12228.500000,12276.320313,12276.320313,211040000
2007-03-12,12275.679688,12349.950195,12246.519531,12318.620117,12318.620117,219580000
2007-03-13,12307.490234,12307.570313,12071.480469,12075.959961,12075.959961,312340000
2007-03-14,12074.519531,12142.940430,11939.610352,12133.400391,12133.400391,333450000
2007-03-15,12133.160156,12188.120117,12105.919922,12159.679688,12159.679688,232600000
2007-03-16,12159.679688,12190.360352,12082.129883,12110.410156,12110.410156,388660000
2007-03-19,12110.410156,12234.669922,12110.410156,12226.169922,12226.169922,208480000
2007-03-20,12226.809570,12294.030273,12213.110352,12288.099609,12288.099609,196620000
2007-03-21,12288.980469,12480.450195,12263.509766,12447.519531,12447.519531,246000000
2007-03-22,12446.719727,12476.280273,12408.509766,12461.139648,12461.139648,232700000
2007-03-23,12460.500000,12511.049805,12448.650391,12481.009766,12481.009766,206410000
2007-03-26,12480.370117,12486.780273,12367.169922,12469.070313,12469.070313,219960000
2007-03-27,12468.669922,12468.669922,12377.269531,12397.290039,12397.290039,209340000
2007-03-28,12396.490234,12396.490234,12257.419922,12300.360352,12300.360352,224830000
2007-03-29,12301.480469,12381.910156,12267.589844,12348.750000,12348.750000,208160000
2007-03-30,12348.910156,12416.679688,12242.599609,12354.349609,12354.349609,233630000
2007-04-02,12354.519531,12394.980469,12324.280273,12382.299805,12382.299805,209420000
2007-04-03,12379.049805,12534.269531,12379.049805,12510.299805,12510.299805,220470000
2007-04-04,12511.360352,12541.509766,12495.750000,12530.049805,12530.049805,210130000
2007-04-05,12523.219727,12572.469727,12500.389648,12560.200195,12560.200195,164930000
2007-04-09,12562.639648,12593.599609,12555.320313,12569.139648,12569.139648,191590000
2007-04-10,12568.490234,12588.559570,12549.469727,12573.849609,12573.849609,214690000
2007-04-11,12573.120117,12580.030273,12455.849609,12484.620117,12484.620117,245470000
2007-04-12,12483.639648,12557.349609,12428.219727,12552.959961,12552.959961,218300000
2007-04-13,12551.910156,12615.379883,12530.209961,12612.129883,12612.129883,224240000
2007-04-16,12611.639648,12731.179688,12611.309570,12720.459961,12720.459961,225020000
2007-04-17,12719.559570,12790.019531,12707.450195,12773.040039,12773.040039,256880000
2007-04-18,12771.080078,12838.459961,12728.990234,12803.839844,12803.839844,261950000
2007-04-19,12799.769531,12830.080078,12734.919922,12808.629883,12808.629883,262590000
2007-04-20,12811.150391,12966.290039,12810.169922,12961.980469,12961.980469,415650000
2007-04-23,12961.980469,12983.919922,12916.629883,12919.400391,12919.400391,223290000
2007-04-24,12919.639648,12989.860352,12901.679688,12953.940430,12953.940430,238400000
2007-04-25,12951.419922,13107.450195,12951.419922,13089.889648,13089.889648,250170000
2007-04-26,13088.839844,13132.799805,13068.120117,13105.500000,13105.500000,251620000
2007-04-27,13104.040039,13148.000000,13073.400391,13120.940430,13120.940430,270910000
2007-04-30,13120.209961,13162.059570,13061.530273,13062.910156,13062.910156,264090000
2007-05-01,13062.750000,13137.759766,13041.299805,13136.139648,13136.139648,248960000
2007-05-02,13133.940430,13256.330078,13130.530273,13211.879883,13211.879883,251340000
2007-05-03,13206.650391,13246.820313,13196.030273,13241.379883,13241.379883,247240000
2007-05-04,13243.080078,13284.530273,13228.780273,13264.620117,13264.620117,236320000
2007-05-07,13264.129883,13317.690430,13260.799805,13312.969727,13312.969727,206190000
2007-05-08,13309.400391,13314.429688,13237.559570,13309.070313,13309.070313,225600000
2007-05-09,13300.620117,13369.290039,13278.349609,13362.870117,13362.870117,237040000
2007-05-10,13359.049805,13359.129883,13210.900391,13215.129883,13215.129883,224640000
2007-05-11,13212.200195,13333.450195,13212.040039,13326.219727,13326.219727,257840000
2007-05-14,13325.809570,13383.759766,13297.040039,13346.780273,13346.780273,199620000
2007-05-15,13346.049805,13481.599609,13339.469727,13383.839844,13383.839844,265250000
2007-05-16,13486.959961,13489.570313,13363.929688,13487.530273,13487.530273,237790000
2007-05-17,13487.530273,13516.709961,13447.790039,13476.719727,13476.719727,195800000
2007-05-18,13476.400391,13558.480469,13476.400391,13556.530273,13556.530273,282930000
2007-05-21,13556.530273,13586.030273,13529.139648,13542.879883,13542.879883,215550000
2007-05-22,13544.990234,13586.679688,13528.980469,13539.950195,13539.950195,201290000
2007-05-23,13540.839844,13609.759766,13505.169922,13525.650391,13525.650391,208260000
2007-05-24,13522.599609,13624.549805,13423.900391,13441.129883,13441.129883,240810000
2007-05-25,13441.940430,13516.139648,13440.070313,13507.280273,13507.280273,183470000
2007-05-29,13507.280273,13564.660156,13465.349609,13521.339844,13521.339844,205620000
2007-05-30,13517.889648,13636.089844,13456.730469,13633.080078,13633.080078,224780000
2007-05-31,13633.000000,13673.070313,13614.719727,13627.639648,13627.639648,243510000
2007-06-01,13628.690430,13692.000000,13624.389648,13668.110352,13668.110352,212780000
2007-06-04,13667.209961,13690.379883,13618.780273,13676.320313,13676.320313,177830000
2007-06-05,13673.190430,13673.509766,13551.000000,13595.459961,13595.459961,223040000
2007-06-06,13590.660156,13591.070313,13437.309570,13465.669922,13465.669922,236830000
2007-06-07,13463.480469,13480.219727,13259.820313,13266.730469,13266.730469,298880000
2007-06-08,13267.139648,13431.219727,13251.530273,13424.389648,13424.389648,242000000
2007-06-11,13424.389648,13478.110352,13381.639648,13424.959961,13424.959961,183300000
2007-06-12,13424.389648,13449.500000,13294.610352,13295.009766,13295.009766,233420000
2007-06-13,13287.620117,13485.120117,13287.620117,13482.349609,13482.349609,253050000
2007-06-14,13482.429688,13581.610352,13479.349609,13553.730469,13553.730469,228680000
2007-06-15,13556.650391,13688.660156,13556.490234,13639.480469,13639.480469,425080000
2007-06-18,13639.000000,13667.940430,13608.759766,13612.980469,13612.980469,174380000
2007-06-19,13611.679688,13652.169922,13577.219727,13635.419922,13635.419922,233720000
2007-06-20,13636.559570,13674.360352,13483.250000,13489.419922,13489.419922,274670000
2007-06-21,13486.660156,13564.209961,13398.870117,13545.839844,13545.839844,241170000
2007-06-22,13545.030273,13545.110352,13359.690430,13360.259766,13360.259766,380870000
2007-06-25,13360.089844,13488.769531,13299.780273,13352.049805,13352.049805,251720000
2007-06-26,13352.370117,13452.519531,13308.719727,13337.660156,13337.660156,240950000
2007-06-27,13336.929688,13433.009766,13259.860352,13427.730469,13427.730469,246010000
2007-06-28,13427.480469,13498.290039,13389.280273,13422.280273,13422.280273,207130000
2007-06-29,13422.610352,13524.540039,13314.000000,13408.620117,13408.620117,262110000
2007-07-02,13409.599609,13537.870117,13409.519531,13535.429688,13535.429688,196410000
2007-07-03,13531.530273,13591.690430,13531.530273,13577.299805,13577.299805,111580000
2007-07-05,13576.240234,13580.059570,13513.490234,13565.839844,13565.839844,188840000
2007-07-06,13559.009766,13633.629883,13537.950195,13611.679688,13611.679688,176040000
2007-07-09,13612.660156,13670.459961,13609.000000,13649.969727,13649.969727,192840000
2007-07-10,13648.589844,13649.240234,13496.169922,13501.700195,13501.700195,274420000
2007-07-11,13500.400391,13590.950195,13474.790039,13577.870117,13577.870117,224410000
2007-07-12,13579.330078,13869.940430,13579.169922,13861.730469,13861.730469,300520000
2007-07-13,13859.860352,13932.290039,13845.879883,13907.250000,13907.250000,223820000
2007-07-16,13907.089844,13989.110352,13894.980469,13950.980469,13950.980469,209060000
2007-07-17,13951.959961,14021.950195,13942.849609,13971.549805,13971.549805,266020000
2007-07-18,13955.049805,13965.940430,13823.599609,13918.219727,13918.219727,324400000
2007-07-19,13918.790039,14015.849609,13918.790039,14000.410156,14000.410156,265390000
2007-07-20,14000.730469,14009.269531,13797.669922,13851.080078,13851.080078,377650000
2007-07-23,13851.730469,13973.990234,13851.730469,13943.419922,13943.419922,237450000
2007-07-24,13940.900391,13940.990234,13701.589844,13716.950195,13716.950195,296990000
2007-07-25,13718.250000,13822.219727,13674.839844,13785.070313,13785.070313,266860000
2007-07-26,13783.120117,13783.450195,13335.299805,13473.570313,13473.570313,426880000
2007-07-27,13472.679688,13520.799805,13265.469727,13265.469727,13265.469727,337120000
2007-07-30,13266.209961,13397.730469,13219.139648,13358.309570,13358.309570,295450000
2007-07-31,13360.660156,13498.530273,13199.790039,13211.990234,13211.990234,319890000
2007-08-01,13211.089844,13393.019531,13132.650391,13362.370117,13362.370117,355960000
2007-08-02,13357.820313,13503.330078,13350.419922,13463.330078,13463.330078,264830000
2007-08-03,13462.250000,13471.790039,13175.240234,13181.910156,13181.910156,301800000
2007-08-06,13183.129883,13470.160156,13158.580078,13468.780273,13468.780273,311810000
2007-08-07,13467.719727,13608.110352,13347.169922,13504.299805,13504.299805,273340000
2007-08-08,13497.230469,13695.820313,13484.790039,13657.860352,13657.860352,288040000
2007-08-09,13652.330078,13652.330078,13270.679688,13270.679688,13270.679688,362490000
2007-08-10,13270.589844,13306.519531,13057.860352,13239.540039,13239.540039,338560000
2007-08-13,13239.540039,13338.150391,13219.459961,13236.530273,13236.530273,215260000
2007-08-14,13235.719727,13269.780273,13018.269531,13028.919922,13028.919922,269120000
2007-08-15,13021.929688,13119.320313,12834.240234,12861.469727,12861.469727,272760000
2007-08-16,12861.469727,12885.849609,12517.940430,12845.780273,12845.780273,457150000
2007-08-17,12848.049805,13167.679688,12847.809570,13079.080078,13079.080078,423940000
2007-08-20,13079.080078,13181.660156,12982.750000,13121.349609,13121.349609,231800000
2007-08-21,13120.049805,13178.330078,13052.169922,13090.860352,13090.860352,204000000
2007-08-22,13090.860352,13248.080078,13088.259766,13236.129883,13236.129883,205530000
2007-08-23,13236.129883,13298.639648,13169.150391,13235.879883,13235.879883,198160000
2007-08-24,13235.879883,13381.469727,13208.650391,13378.870117,13378.870117,186060000
2007-08-27,13377.160156,13387.330078,13305.549805,13322.129883,13322.129883,152440000
2007-08-28,13318.429688,13318.599609,13034.780273,13041.849609,13041.849609,230470000
2007-08-29,13043.070313,13293.440430,13043.070313,13289.290039,13289.290039,227440000
2007-08-30,13287.910156,13315.139648,13184.589844,13238.730469,13238.730469,193240000
2007-08-31,13240.839844,13428.950195,13240.839844,13357.740234,13357.740234,234920000
2007-09-04,13358.389648,13494.059570,13317.500000,13448.860352,13448.860352,262260000
2007-09-05,13442.849609,13443.169922,13248.240234,13305.469727,13305.469727,231850000
2007-09-06,13306.440430,13398.709961,13274.820313,13363.349609,13363.349609,203600000
2007-09-07,13360.740234,13360.830078,13082.169922,13113.379883,13113.379883,238300000
2007-09-10,13116.389648,13207.190430,13021.929688,13127.849609,13127.849609,221760000
2007-09-11,13129.400391,13325.950195,13129.150391,13308.389648,13308.389648,200160000
2007-09-12,13298.309570,13360.009766,13263.030273,13291.650391,13291.650391,195280000
2007-09-13,13292.379883,13469.269531,13292.379883,13424.879883,13424.879883,209950000
2007-09-14,13421.389648,13459.750000,13323.839844,13442.519531,13442.519531,204780000
2007-09-17,13441.950195,13451.540039,13362.370117,13403.419922,13403.419922,169710000
2007-09-18,13403.179688,13739.959961,13403.179688,13739.389648,13739.389648,277620000
2007-09-19,13740.610352,13867.500000,13739.879883,13815.559570,13815.559570,276590000
2007-09-20,13813.519531,13822.139648,13741.009766,13766.700195,13766.700195,200880000
2007-09-21,13768.330078,13877.169922,13768.250000,13820.190430,13820.190430,419390000
2007-09-24,13821.570313,13874.410156,13750.929688,13759.059570,13759.059570,236690000
2007-09-25,13757.839844,13787.190430,13696.309570,13778.650391,13778.650391,213040000
2007-09-26,13779.299805,13915.790039,13779.299805,13878.150391,13878.150391,206560000
2007-09-27,13879.530273,13920.419922,13868.150391,13912.940430,13912.940430,156920000
2007-09-28,13912.940430,13924.809570,13850.269531,13895.629883,13895.629883,203030000
2007-10-01,13895.709961,14115.509766,13893.509766,14087.549805,14087.549805,205720000
2007-10-02,14087.139648,14107.469727,14012.110352,14047.309570,14047.309570,169270000
2007-10-03,14038.860352,14038.940430,13947.730469,13968.049805,13968.049805,178920000
2007-10-04,13967.889648,14010.410156,13951.629883,13974.309570,13974.309570,143300000
2007-10-05,13969.070313,14124.540039,13968.830078,14066.009766,14066.009766,183540000
2007-10-08,14065.360352,14067.959961,14009.669922,14043.730469,14043.730469,116420000
2007-10-09,14043.730469,14166.969727,14034.389648,14164.530273,14164.530273,176740000
2007-10-10,14165.019531,14165.019531,14009.509766,14078.690430,14078.690430,163280000
2007-10-11,14079.099609,14198.099609,13950.250000,14015.120117,14015.120117,235090000
2007-10-12,14016.339844,14101.769531,14013.740234,14093.080078,14093.080078,178740000
2007-10-15,14092.429688,14118.519531,13904.320313,13984.799805,13984.799805,220490000
2007-10-16,13986.339844,13992.030273,13877.900391,13912.940430,13912.940430,229920000
2007-10-17,13920.660156,14012.839844,13774.669922,13892.540039,13892.540039,315420000
2007-10-18,13887.900391,13913.750000,13820.349609,13888.959961,13888.959961,205540000
2007-10-19,13888.469727,13888.469727,13511.940430,13522.019531,13522.019531,332350000
2007-10-22,13521.620117,13587.219727,13407.490234,13566.969727,13566.969727,229440000
2007-10-23,13568.929688,13684.599609,13540.879883,13676.230469,13676.230469,206550000
2007-10-24,13675.580078,13690.450195,13470.160156,13675.250000,13675.250000,259150000
2007-10-25,13677.849609,13741.259766,13547.629883,13671.919922,13671.919922,274330000
2007-10-26,13675.660156,13811.250000,13675.250000,13806.700195,13806.700195,311390000
2007-10-29,13807.349609,13901.400391,13805.309570,13870.259766,13870.259766,207930000
2007-10-30,13869.040039,13869.290039,13778.410156,13792.469727,13792.469727,189730000
2007-10-31,13792.059570,13962.530273,13767.679688,13930.009766,13930.009766,277660000
2007-11-01,13924.160156,13924.160156,13548.929688,13567.870117,13567.870117,335560000
2007-11-02,13569.900391,13632.900391,13446.019531,13595.099609,13595.099609,279780000
2007-11-05,13592.580078,13618.269531,13446.910156,13543.400391,13543.400391,259590000
2007-11-06,13542.339844,13669.719727,13511.860352,13660.940430,13660.940430,252360000
2007-11-07,13646.719727,13647.290039,13285.629883,13300.019531,13300.019531,273050000
2007-11-08,13299.700195,13354.000000,13079.480469,13266.290039,13266.290039,403680000
2007-11-09,13261.169922,13262.139648,13017.299805,13042.740234,13042.740234,356840000
2007-11-12,13039.160156,13162.639648,12981.040039,12987.549805,12987.549805,291980000
2007-11-13,12975.110352,13319.450195,12975.110352,13307.089844,13307.089844,298250000
2007-11-14,13305.469727,13367.169922,13197.839844,13231.009766,13231.009766,267510000
2007-11-15,13231.009766,13262.139648,13055.830078,13110.049805,13110.049805,242570000
2007-11-16,13109.480469,13211.169922,13050.549805,13176.790039,13176.790039,314920000
2007-11-19,13176.299805,13176.299805,12937.629883,12958.440430,12958.440430,285790000
2007-11-20,12955.919922,13107.370117,12839.679688,13010.139648,13010.139648,325810000
2007-11-21,13006.650391,13007.709961,12786.030273,12799.040039,12799.040039,284550000
2007-11-23,12796.070313,12980.879883,12796.070313,12980.879883,12980.879883,122250000
2007-11-26,12979.990234,13037.299805,12724.089844,12743.440430,12743.440430,265610000
2007-11-27,12744.780273,12991.849609,12744.780273,12958.440430,12958.440430,296070000
2007-11-28,12958.040039,13325.870117,12958.040039,13289.450195,13289.450195,310080000
2007-11-29,13287.910156,13346.269531,13214.750000,13311.730469,13311.730469,201410000
2007-11-30,13314.250000,13466.990234,13281.650391,13371.719727,13371.719727,312570000
2007-12-03,13368.219727,13407.240234,13296.280273,13314.570313,13314.570313,212170000
2007-12-04,13311.240234,13316.280273,13237.589844,13248.730469,13248.730469,204940000
2007-12-05,13244.009766,13460.240234,13244.009766,13444.959961,13444.959961,256800000
2007-12-06,13445.849609,13632.900391,13426.179688,13619.889648,13619.889648,197270000
2007-12-07,13618.269531,13668.099609,13601.360352,13625.580078,13625.580078,179420000
2007-12-10,13623.549805,13754.019531,13623.549805,13727.030273,13727.030273,190220000
2007-12-11,13726.870117,13780.110352,13413.740234,13432.769531,13432.769531,280630000
2007-12-12,13434.799805,13704.519531,13321.639648,13473.900391,13473.900391,310470000
2007-12-13,13473.980469,13527.629883,13353.919922,13517.959961,13517.959961,248800000
2007-12-14,13515.110352,13515.360352,13332.129883,13339.849609,13339.849609,245590000
2007-12-17,13339.200195,13339.450195,13158.419922,13167.200195,13167.200195,243400000
2007-12-18,13168.660156,13279.459961,13092.000000,13232.469727,13232.469727,233020000
2007-12-19,13231.980469,13300.429688,13146.790039,13207.269531,13207.269531,208330000
2007-12-20,13206.459961,13288.400391,13153.620117,13245.639648,13245.639648,203910000
2007-12-21,13241.660156,13473.980469,13241.570313,13450.650391,13450.650391,430600000
2007-12-24,13450.730469,13563.480469,13449.269531,13550.040039,13550.040039,86400000
2007-12-26,13547.950195,13563.320313,13492.679688,13551.690430,13551.690430,122410000
2007-12-27,13549.169922,13551.040039,13349.280273,13359.610352,13359.610352,145770000
2007-12-28,13361.230469,13451.379883,13298.150391,13365.870117,13365.870117,142930000
2007-12-31,13364.160156,13364.730469,13246.530273,13264.820313,13264.820313,167240000
2008-01-02,13261.820313,13279.540039,12991.370117,13043.959961,13043.959961,239580000
2008-01-03,13044.120117,13137.929688,13023.559570,13056.719727,13056.719727,200620000
2008-01-04,13046.559570,13046.719727,12789.040039,12800.179688,12800.179688,304210000
2008-01-07,12801.150391,12884.150391,12733.839844,12827.490234,12827.490234,306700000
2008-01-08,12820.900391,12906.419922,12565.410156,12589.070313,12589.070313,322690000
2008-01-09,12590.209961,12738.639648,12501.759766,12735.309570,12735.309570,332900000
2008-01-10,12733.110352,12931.290039,12632.150391,12853.089844,12853.089844,325330000
2008-01-11,12850.740234,12851.139648,12543.870117,12606.299805,12606.299805,301890000
2008-01-14,12613.780273,12794.570313,12613.700195,12778.150391,12778.150391,245370000
2008-01-15,12777.500000,12777.500000,12488.759766,12501.110352,12501.110352,339700000
2008-01-16,12476.809570,12613.129883,12392.269531,12466.160156,12466.160156,500040000
2008-01-17,12467.049805,12517.610352,12125.559570,12159.209961,12159.209961,439830000
2008-01-18,12159.940430,12341.540039,12022.480469,12099.299805,12099.299805,483300000
2008-01-22,12092.719727,12092.719727,11634.820313,11971.190430,11971.190430,506500000
2008-01-23,11969.080078,12276.669922,11644.809570,12270.169922,12270.169922,536520000
2008-01-24,12272.690430,12399.179688,12241.799805,12378.610352,12378.610352,387900000
2008-01-25,12391.700195,12486.889648,12183.679688,12207.169922,12207.169922,393660000
2008-01-28,12205.709961,12386.009766,12112.139648,12383.889648,12383.889648,278990000
2008-01-29,12385.190430,12503.150391,12346.990234,12480.299805,12480.299805,285090000
2008-01-30,12480.139648,12681.410156,12406.169922,12442.830078,12442.830078,334680000
2008-01-31,12438.280273,12702.379883,12249.929688,12650.360352,12650.360352,394330000
2008-02-01,12638.169922,12767.740234,12602.320313,12743.190430,12743.190430,379580000
2008-02-04,12743.110352,12749.780273,12621.830078,12635.160156,12635.160156,237410000
2008-02-05,12631.849609,12631.929688,12264.070313,12265.129883,12265.129883,334380000
2008-02-06,12257.250000,12390.320313,12178.150391,12200.099609,12200.099609,296360000
2008-02-07,12196.200195,12332.519531,12120.440430,12247.000000,12247.000000,326200000
2008-02-08,12248.469727,12281.879883,12103.370117,12182.129883,12182.129883,262200000
2008-02-11,12181.889648,12252.120117,12069.469727,12240.009766,12240.009766,268100000
2008-02-12,12241.559570,12469.410156,12241.559570,12373.410156,12373.410156,256970000
2008-02-13,12368.120117,12573.129883,12367.799805,12552.240234,12552.240234,236300000
2008-02-14,12551.509766,12557.610352,12361.459961,12376.980469,12376.980469,233790000
2008-02-15,12376.660156,12376.660156,12278.620117,12348.209961,12348.209961,289800000
2008-02-19,12349.589844,12505.250000,12304.080078,12337.219727,12337.219727,257550000
2008-02-20,12333.309570,12464.059570,12227.719727,12427.259766,12427.259766,297990000
2008-02-21,12426.849609,12503.459961,12247.339844,12284.299805,12284.299805,293420000
2008-02-22,12281.089844,12397.790039,12155.259766,12381.019531,12381.019531,307090000
2008-02-25,12380.769531,12584.620117,12341.040039,12570.219727,12570.219727,288600000
2008-02-26,12569.480469,12734.179688,12512.410156,12684.919922,12684.919922,291760000
2008-02-27,12683.540039,12756.559570,12609.370117,12694.280273,12694.280273,263720000
2008-02-28,12689.280273,12689.440430,12536.429688,12582.179688,12582.179688,247270000
2008-02-29,12579.580078,12580.150391,12223.570313,12266.389648,12266.389648,351870000
2008-03-03,12264.360352,12281.370117,12161.049805,12258.900391,12258.900391,259730000
2008-03-04,12259.139648,12259.230469,12032.419922,12213.799805,12213.799805,347720000
2008-03-05,12204.929688,12349.669922,12140.530273,12254.990234,12254.990234,304570000
2008-03-06,12254.589844,12254.589844,12026.070313,12040.389648,12040.389648,283100000
2008-03-07,12039.089844,12094.209961,11819.690430,11893.690430,11893.690430,307580000
2008-03-10,11893.040039,11926.500000,11731.599609,11740.150391,11740.150391,312020000
2008-03-11,11741.330078,12160.799805,11741.009766,12156.809570,12156.809570,372330000
2008-03-12,12148.610352,12303.349609,12092.250000,12110.240234,12110.240234,288130000
2008-03-13,12096.490234,12215.349609,11875.780273,12145.740234,12145.740234,336260000
2008-03-14,12146.389648,12193.610352,11832.719727,11951.089844,11951.089844,380810000
2008-03-17,11946.450195,12076.219727,11756.599609,11972.250000,11972.250000,382890000
2008-03-18,11975.919922,12392.660156,11975.839844,12392.660156,12392.660156,367780000
2008-03-19,12391.519531,12461.530273,12095.099609,12099.660156,12099.660156,328460000
2008-03-20,12102.429688,12378.740234,12097.870117,12361.320313,12361.320313,502650000
2008-03-24,12361.969727,12622.070313,12361.969727,12548.639648,12548.639648,264320000
2008-03-25,12547.339844,12571.839844,12449.080078,12532.599609,12532.599609,237650000
2008-03-26,12531.790039,12531.950195,12376.700195,12422.860352,12422.860352,235020000
2008-03-27,12421.879883,12476.759766,12293.339844,12302.459961,12302.459961,235390000
2008-03-28,12303.919922,12382.160156,12196.870117,12216.400391,12216.400391,209000000
2008-03-31,12215.919922,12326.469727,12176.110352,12262.889648,12262.889648,273610000
2008-04-01,12266.639648,12659.820313,12266.469727,12654.360352,12654.360352,295530000
2008-04-02,12651.669922,12696.290039,12555.169922,12608.919922,12608.919922,232760000
2008-04-03,12605.830078,12675.120117,12527.750000,12626.030273,12626.030273,183870000
2008-04-04,12626.030273,12688.480469,12528.160156,12609.419922,12609.419922,181260000
2008-04-07,12612.589844,12733.660156,12583.280273,12612.429688,12612.429688,198070000
2008-04-08,12602.660156,12607.299805,12525.799805,12576.440430,12576.440430,197200000
2008-04-09,12574.650391,12621.549805,12468.969727,12527.259766,12527.259766,194950000
2008-04-10,12526.780273,12649.309570,12497.219727,12581.980469,12581.980469,227330000
2008-04-11,12579.780273,12580.269531,12302.059570,12325.419922,12325.419922,286850000
2008-04-14,12324.769531,12367.599609,12280.400391,12302.059570,12302.059570,216010000
2008-04-15,12302.059570,12387.790039,12269.809570,12362.469727,12362.469727,208950000
2008-04-16,12371.509766,12625.780273,12371.509766,12619.269531,12619.269531,269490000
2008-04-17,12617.400391,12656.559570,12563.250000,12620.490234,12620.490234,217000000
2008-04-18,12626.759766,12893.980469,12626.759766,12849.360352,12849.360352,304030000
2008-04-21,12850.910156,12850.910156,12751.169922,12825.019531,12825.019531,192400000
2008-04-22,12825.019531,12825.259766,12656.559570,12720.230469,12720.230469,214950000
2008-04-23,12721.450195,12837.389648,12703.049805,12763.219727,12763.219727,244120000
2008-04-24,12764.679688,12942.259766,12706.629883,12848.950195,12848.950195,249920000
2008-04-25,12848.379883,12909.200195,12742.780273,12891.860352,12891.860352,240760000
2008-04-28,12890.759766,12938.759766,12857.500000,12871.750000,12871.750000,222300000
2008-04-29,12870.370117,12889.830078,12804.660156,12831.940430,12831.940430,218020000
2008-04-30,12831.450195,13010.000000,12808.980469,12820.129883,12820.129883,255070000
2008-05-01,12818.339844,13029.049805,12793.099609,13010.000000,13010.000000,245480000
2008-05-02,13012.530273,13132.459961,12981.830078,13058.200195,13058.200195,205410000
2008-05-05,13056.570313,13058.450195,12939.740234,12969.540039,12969.540039,197810000
2008-05-06,12968.889648,13046.150391,12863.200195,13020.830078,13020.830078,199370000
2008-05-07,13010.820313,13036.709961,12796.190430,12814.349609,12814.349609,235000000
2008-05-08,12814.349609,12909.860352,12794.809570,12866.780273,12866.780273,195570000
2008-05-09,12860.679688,12861.410156,12715.019531,12745.879883,12745.879883,180240000
2008-05-12,12745.549805,12904.160156,12740.500000,12876.309570,12876.309570,198110000
2008-05-13,12872.080078,12891.370117,12780.969727,12832.179688,12832.179688,236710000
2008-05-14,12825.120117,12993.150391,12825.120117,12898.379883,12898.379883,206820000
2008-05-15,12891.290039,12999.500000,12854.980469,12992.660156,12992.660156,217780000
2008-05-16,12992.740234,13001.940430,12893.490234,12986.799805,12986.799805,249260000
2008-05-19,12985.410156,13136.690430,12963.759766,13028.160156,13028.160156,193770000
2008-05-20,13026.040039,13026.040039,12781.780273,12828.679688,12828.679688,265220000
2008-05-21,12824.940430,12862.469727,12573.669922,12601.190430,12601.190430,265810000
2008-05-22,12597.690430,12669.339844,12591.339844,12625.620117,12625.620117,216360000
2008-05-23,12620.900391,12621.959961,12460.089844,12479.629883,12479.629883,190210000
2008-05-27,12479.629883,12572.530273,12442.589844,12548.349609,12548.349609,201530000
2008-05-28,12542.900391,12601.929688,12495.269531,12594.030273,12594.030273,213680000
2008-05-29,12593.870117,12726.660156,12554.700195,12646.219727,12646.219727,206420000
2008-05-30,12647.360352,12689.700195,12617.400391,12638.320313,12638.320313,210230000
2008-06-02,12637.669922,12638.080078,12427.769531,12503.820313,12503.820313,199090000
2008-06-03,12503.200195,12554.049805,12342.120117,12402.849609,12402.849609,227460000
2008-06-04,12391.860352,12496.160156,12338.780273,12390.480469,12390.480469,238590000
2008-06-05,12388.809570,12610.959961,12388.809570,12604.450195,12604.450195,236160000
2008-06-06,12602.740234,12603.070313,12192.059570,12209.809570,12209.809570,307820000
2008-06-09,12210.129883,12331.860352,12195.320313,12280.320313,12280.320313,266350000
2008-06-10,12277.709961,12369.230469,12206.959961,12289.759766,12289.759766,240760000
2008-06-11,12286.339844,12286.669922,12079.129883,12083.769531,12083.769531,247120000
2008-06-12,12089.629883,12269.240234,12076.929688,12141.580078,12141.580078,260960000
2008-06-13,12144.589844,12310.280273,12144.589844,12307.349609,12307.349609,247980000
2008-06-16,12306.860352,12319.719727,12212.250000,12269.080078,12269.080078,222140000
2008-06-17,12269.650391,12322.820313,12150.290039,12160.299805,12160.299805,174690000
2008-06-18,12158.679688,12158.679688,11993.639648,12029.059570,12029.059570,212900000
2008-06-19,12029.059570,12114.790039,11978.330078,12063.089844,12063.089844,230920000
2008-06-20,12062.190430,12062.190430,11818.830078,11842.690430,11842.690430,429700000
2008-06-23,11843.830078,11986.959961,11731.059570,11842.360352,11842.360352,182870000
2008-06-24,11842.360352,11904.320313,11725.519531,11807.429688,11807.429688,225270000
2008-06-25,11805.309570,11924.190430,11789.360352,11811.830078,11811.830078,236160000
2008-06-26,11808.570313,11808.730469,11453.419922,11453.419922,11453.419922,302550000
2008-06-27,11452.849609,11485.250000,11297.990234,11346.509766,11346.509766,338250000
2008-06-30,11345.700195,11437.299805,11287.559570,11350.009766,11350.009766,282210000
2008-07-01,11344.639648,11407.900391,11183.429688,11382.259766,11382.259766,299590000
2008-07-02,11382.339844,11434.120117,11214.370117,11215.509766,11215.509766,230690000
2008-07-03,11216.000000,11337.480469,11157.209961,11288.540039,11288.540039,176910000
2008-07-07,11289.190430,11399.110352,11120.740234,11231.959961,11231.959961,248240000
2008-07-08,11225.030273,11391.129883,11174.879883,11384.209961,11384.209961,271500000
2008-07-09,11381.929688,11418.240234,11141.990234,11147.440430,11147.440430,227100000
2008-07-10,11148.009766,11270.299805,11086.950195,11229.019531,11229.019531,248010000
2008-07-11,11226.169922,11241.070313,10977.679688,11100.540039,11100.540039,275010000
2008-07-14,11103.639648,11239.040039,11003.650391,11055.190430,11055.190430,205360000
2008-07-15,11050.799805,11123.669922,10827.709961,10962.540039,10962.540039,331390000
2008-07-16,10961.889648,11244.169922,10918.330078,11239.280273,11239.280273,307590000
2008-07-17,11238.389648,11446.660156,11209.559570,11446.660156,11446.660156,335260000
2008-07-18,11436.559570,11510.820313,11381.929688,11496.570313,11496.570313,378610000
2008-07-21,11495.019531,11559.669922,11423.940430,11467.339844,11467.339844,212850000
2008-07-22,11457.900391,11616.660156,11387.389648,11602.500000,11602.500000,273690000
2008-07-23,11603.389648,11698.169922,11558.290039,11632.379883,11632.379883,264520000
2008-07-24,11630.339844,11634.490234,11345.370117,11349.280273,11349.280273,241140000
2008-07-25,11341.139648,11443.809570,11325.099609,11370.690430,11370.690430,190920000
2008-07-28,11369.469727,11369.549805,11125.129883,11131.080078,11131.080078,197550000
2008-07-29,11133.440430,11398.379883,11128.059570,11397.559570,11397.559570,206930000
2008-07-30,11397.559570,11586.620117,11397.559570,11583.690430,11583.690430,208520000
2008-07-31,11577.990234,11578.889648,11363.690430,11378.019531,11378.019531,220200000
2008-08-01,11379.889648,11425.730469,11267.049805,11326.320313,11326.320313,189700000
2008-08-04,11326.320313,11382.169922,11221.530273,11284.150391,11284.150391,170250000
2008-08-05,11286.019531,11615.929688,11286.019531,11615.769531,11615.769531,234990000
2008-08-06,11603.639648,11685.459961,11521.320313,11656.070313,11656.070313,180060000
2008-08-07,11655.419922,11655.580078,11416.700195,11431.429688,11431.429688,229610000
2008-08-08,11432.089844,11759.959961,11388.040039,11734.320313,11734.320313,212830000
2008-08-11,11729.669922,11867.110352,11675.530273,11782.349609,11782.349609,183190000
2008-08-12,11781.700195,11782.349609,11601.519531,11642.469727,11642.469727,173590000
2008-08-13,11632.809570,11633.780273,11453.339844,11532.959961,11532.959961,182550000
2008-08-14,11532.070313,11718.280273,11450.889648,11615.929688,11615.929688,159790000
2008-08-15,11611.209961,11709.889648,11599.730469,11659.900391,11659.900391,215040000
2008-08-18,11659.650391,11690.429688,11434.120117,11479.389648,11479.389648,156290000
2008-08-19,11478.089844,11478.169922,11318.500000,11348.549805,11348.549805,171580000
2008-08-20,11345.940430,11454.150391,11290.580078,11417.429688,11417.429688,144880000
2008-08-21,11415.230469,11476.209961,11315.570313,11430.209961,11430.209961,130020000
2008-08-22,11426.790039,11632.129883,11426.790039,11628.059570,11628.059570,138790000
2008-08-25,11626.190430,11626.269531,11362.629883,11386.250000,11386.250000,148610000
2008-08-26,11383.559570,11436.240234,11340.410156,11412.870117,11412.870117,119800000
2008-08-27,11412.459961,11554.459961,11381.769531,11502.509766,11502.509766,120580000
2008-08-28,11499.870117,11715.179688,11499.790039,11715.179688,11715.179688,149150000
2008-08-29,11713.230469,11713.230469,11543.389648,11543.959961,11543.959961,166910000
2008-09-02,11545.629883,11790.169922,11471.900391,11516.919922,11516.919922,177090000
2008-09-03,11506.009766,11554.379883,11416.530273,11532.879883,11532.879883,174250000
2008-09-04,11532.480469,11532.480469,11176.019531,11188.230469,11188.230469,229200000
2008-09-05,11185.629883,11245.150391,11037.849609,11220.959961,11220.959961,198300000
2008-09-08,11224.870117,11570.660156,11224.790039,11510.740234,11510.740234,273000000
2008-09-09,11514.730469,11577.500000,11230.730469,11230.730469,11230.730469,257300000
2008-09-10,11233.910156,11380.629883,11215.259766,11268.919922,11268.919922,214260000
2008-09-11,11264.440430,11445.679688,11098.669922,11433.709961,11433.709961,247820000
2008-09-12,11429.320313,11459.929688,11280.400391,11421.990234,11421.990234,238890000
2008-09-15,11416.370117,11416.450195,10917.509766,10917.509766,10917.509766,432970000
2008-09-16,10905.620117,11093.219727,10742.700195,11059.019531,11059.019531,494760000
2008-09-17,11056.580078,11057.309570,10595.900391,10609.660156,10609.660156,463200000
2008-09-18,10609.009766,11076.440430,10459.440430,11019.690430,11019.690430,488060000
2008-09-19,11027.509766,11483.049805,11026.700195,11388.440430,11388.440430,655110000
2008-09-22,11394.419922,11394.580078,10992.200195,11015.690430,11015.690430,213210000
2008-09-23,11015.690430,11143.209961,10833.940430,10854.169922,10854.169922,204480000
2008-09-24,10850.019531,10928.400391,10753.570313,10825.169922,10825.169922,183630000
2008-09-25,10827.169922,11129.190430,10827.009766,11022.059570,11022.059570,218530000
2008-09-26,11019.040039,11168.059570,10868.820313,11143.129883,11143.129883,232560000
2008-09-29,11139.620117,11139.940430,10365.450195,10365.450195,10365.450195,385940000
2008-09-30,10371.580078,10868.900391,10371.419922,10850.660156,10850.660156,319770000
2008-10-01,10847.400391,10882.519531,10631.950195,10831.070313,10831.070313,256670000
2008-10-02,10825.540039,10825.540039,10439.519531,10482.849609,10482.849609,395330000
2008-10-03,10483.959961,10796.259766,10310.250000,10325.379883,10325.379883,299690000
2008-10-06,10322.519531,10322.759766,9525.320313,9955.500000,9955.500000,391460000
2008-10-07,9955.419922,10124.030273,9436.669922,9447.110352,9447.110352,362520000
2008-10-08,9437.230469,9628.070313,9194.780273,9258.099609,9258.099609,479270000
2008-10-09,9261.690430,9448.139648,8579.190430,8579.190430,8579.190430,436740000
2008-10-10,8568.669922,8901.280273,7882.509766,8451.190430,8451.190430,674920000
2008-10-13,8462.419922,9427.990234,8462.179688,9387.610352,9387.610352,399290000
2008-10-14,9388.969727,9794.370117,9085.429688,9310.990234,9310.990234,412740000
2008-10-15,9301.910156,9308.759766,8530.120117,8577.910156,8577.910156,374350000
2008-10-16,8577.040039,9013.269531,8197.669922,8979.259766,8979.259766,422450000
2008-10-17,8975.349609,9281.120117,8718.250000,8852.219727,8852.219727,360600000
2008-10-20,8852.299805,9266.629883,8852.219727,9265.429688,9265.429688,241400000
2008-10-21,9262.799805,9284.549805,9004.269531,9033.660156,9033.660156,231160000
2008-10-22,9027.839844,9027.839844,8335.299805,8519.209961,8519.209961,348840000
2008-10-23,8519.769531,8795.990234,8243.549805,8691.250000,8691.250000,340740000
2008-10-24,8683.209961,8683.209961,8187.479980,8378.950195,8378.950195,335680000
2008-10-27,8375.919922,8599.099609,8143.589844,8175.770020,8175.770020,281180000
2008-10-28,8178.720215,9082.080078,8174.729980,9065.120117,9065.120117,372160000
2008-10-29,9062.330078,9363.320313,8890.290039,8990.959961,8990.959961,316230000
2008-10-30,9004.660156,9266.469727,8976.870117,9180.690430,9180.690430,267210000
2008-10-31,9179.089844,9454.360352,9119.200195,9325.009766,9325.009766,310950000
2008-11-03,9326.040039,9410.549805,9255.480469,9319.830078,9319.830078,180970000
2008-11-04,9323.889648,9653.950195,9323.889648,9625.280273,9625.280273,254930000
2008-11-05,9616.599609,9616.599609,9111.469727,9139.269531,9139.269531,264640000
2008-11-06,9134.009766,9155.440430,8637.169922,8695.790039,8695.790039,344350000
2008-11-07,8696.030273,8961.570313,8696.030273,8943.809570,8943.809570,246300000
2008-11-10,8946.599609,9159.580078,8760.459961,8870.540039,8870.540039,221230000
2008-11-11,8864.320313,8867.910156,8560.709961,8693.959961,8693.959961,257270000
2008-11-12,8684.519531,8684.599609,8265.290039,8282.660156,8282.660156,314660000
2008-11-13,8281.139648,8876.589844,7965.419922,8835.250000,8835.250000,476600000
2008-11-14,8822.190430,8923.179688,8469.990234,8497.309570,8497.309570,304370000
2008-11-17,8494.839844,8571.299805,8246.889648,8273.580078,8273.580078,278220000
2008-11-18,8273.339844,8477.950195,8105.439941,8424.750000,8424.750000,366390000
2008-11-19,8420.690430,8504.639648,7987.080078,7997.279785,7997.279785,350470000
2008-11-20,7995.529785,8187.399902,7506.970215,7552.290039,7552.290039,528130000
2008-11-21,7552.370117,8071.750000,7449.379883,8046.419922,8046.419922,569010000
2008-11-24,8048.089844,8599.019531,8048.089844,8443.389648,8443.389648,491890000
2008-11-25,8445.139648,8607.379883,8281.459961,8479.469727,8479.469727,374020000
2008-11-26,8464.490234,8726.610352,8311.169922,8726.610352,8726.610352,283920000
2008-11-28,8724.700195,8831.349609,8672.690430,8829.040039,8829.040039,155510000
2008-12-01,8826.889648,8827.049805,8141.359863,8149.089844,8149.089844,321010000
2008-12-02,8153.750000,8437.169922,8143.509766,8419.089844,8419.089844,307520000
2008-12-03,8409.139648,8624.190430,8234.150391,8591.690430,8591.690430,294680000
2008-12-04,8587.070313,8631.990234,8259.400391,8376.240234,8376.240234,280880000
2008-12-05,8376.080078,8686.469727,8118.500000,8635.419922,8635.419922,346370000
2008-12-08,8637.650391,9026.410156,8637.490234,8934.179688,8934.179688,358970000
2008-12-09,8934.099609,8934.099609,8651.740234,8691.330078,8691.330078,284950000
2008-12-10,8693.000000,8879.219727,8646.330078,8761.419922,8761.419922,232830000
2008-12-11,8750.129883,8809.450195,8512.759766,8565.089844,8565.089844,290540000
2008-12-12,8563.099609,8682.570313,8347.809570,8629.679688,8629.679688,271030000
2008-12-15,8628.809570,8676.280273,8469.030273,8564.530273,8564.530273,229940000
2008-12-16,8565.650391,8958.790039,8565.650391,8924.139648,8924.139648,337190000
2008-12-17,8921.910156,8961.259766,8778.070313,8824.339844,8824.339844,239260000
2008-12-18,8823.940430,8883.360352,8527.410156,8604.990234,8604.990234,274080000
2008-12-19,8606.500000,8787.230469,8550.429688,8579.110352,8579.110352,550150000
2008-12-22,8573.370117,8601.410156,8372.019531,8519.690430,8519.690430,211090000
2008-12-23,8518.650391,8604.120117,8391.299805,8419.490234,8419.490234,174640000
2008-12-24,8416.860352,8498.500000,8416.860352,8468.480469,8468.480469,66930000
2008-12-26,8468.709961,8533.070313,8461.780273,8515.549805,8515.549805,86760000
2008-12-29,8515.870117,8530.679688,8364.059570,8483.929688,8483.929688,153730000
2008-12-30,8487.509766,8675.240234,8487.509766,8668.389648,8668.389648,162560000
2008-12-31,8666.480469,8842.660156,8664.889648,8776.389648,8776.389648,226760000
2009-01-02,8772.250000,9065.280273,8760.780273,9034.690430,9034.690430,213700000
2009-01-05,9027.129883,9034.370117,8892.360352,8952.889648,8952.889648,233760000
2009-01-06,8954.570313,9088.059570,8940.950195,9015.099609,9015.099609,215410000
2009-01-07,8996.940430,8996.940430,8719.919922,8769.700195,8769.700195,266710000
2009-01-08,8769.940430,8770.019531,8651.190430,8742.459961,8742.459961,226620000
2009-01-09,8738.799805,8769.620117,8576.959961,8599.179688,8599.179688,204300000
2009-01-12,8599.259766,8602.599609,8421.080078,8473.969727,8473.969727,273550000
2009-01-13,8474.610352,8522.080078,8376.879883,8448.559570,8448.559570,304050000
2009-01-14,8446.009766,8446.250000,8140.720215,8200.139648,8200.139648,355050000
2009-01-15,8196.240234,8286.160156,7995.129883,8212.490234,8212.490234,436660000
2009-01-16,8215.669922,8341.200195,8109.339844,8281.219727,8281.219727,439360000
2009-01-20,8279.629883,8291.980469,7939.930176,7949.089844,7949.089844,419200000
2009-01-21,7949.169922,8243.549805,7936.189941,8228.099609,8228.099609,410040000
2009-01-22,8224.429688,8224.830078,7957.140137,8122.799805,8122.799805,420040000
2009-01-23,8108.790039,8152.589844,7909.029785,8077.560059,8077.560059,370510000
2009-01-26,8078.040039,8231.679688,8023.160156,8116.029785,8116.029785,316720000
2009-01-27,8117.390137,8225.790039,8083.140137,8174.729980,8174.729980,247750000
2009-01-28,8175.930176,8405.870117,8175.930176,8375.450195,8375.450195,357940000
2009-01-29,8373.059570,8373.139648,8137.939941,8149.009766,8149.009766,247450000
2009-01-30,8149.009766,8195.759766,7961.919922,8000.859863,8000.859863,303160000
2009-02-02,8000.620117,8000.620117,7867.370117,7936.750000,7936.750000,293890000
2009-02-03,7936.990234,8111.569824,7905.520020,8078.359863,8078.359863,313090000
2009-02-04,8070.319824,8162.149902,7929.259766,7956.660156,7956.660156,345520000
2009-02-05,7954.830078,8107.830078,7845.310059,8063.069824,8063.069824,390980000
2009-02-06,8056.379883,8312.370117,8052.240234,8280.589844,8280.589844,396380000
2009-02-09,8281.379883,8315.070313,8196.240234,8270.870117,8270.870117,289280000
2009-02-10,8269.360352,8269.440430,7848.740234,7888.879883,7888.879883,449890000
2009-02-11,7887.049805,7983.740234,7852.160156,7939.529785,7939.529785,270280000
2009-02-12,7931.970215,7938.819824,7693.979980,7932.759766,7932.759766,331960000
2009-02-13,7933.000000,7970.839844,7840.450195,7850.410156,7850.410156,251960000
2009-02-17,7845.629883,7845.629883,7551.009766,7552.600098,7552.600098,332850000
2009-02-18,7546.350098,7617.759766,7479.970215,7555.629883,7555.629883,268220000
2009-02-19,7555.229980,7614.970215,7447.549805,7465.950195,7465.950195,301480000
2009-02-20,7461.490234,7469.290039,7249.470215,7365.669922,7365.669922,584900000
2009-02-23,7365.990234,7441.020020,7105.939941,7114.779785,7114.779785,406150000
2009-02-24,7115.339844,7378.970215,7114.299805,7350.939941,7350.939941,468010000
2009-02-25,7349.580078,7404.939941,7156.680176,7270.890137,7270.890137,450270000
2009-02-26,7269.060059,7402.310059,7173.560059,7182.080078,7182.080078,321300000
2009-02-27,7180.970215,7195.459961,7033.620117,7062.930176,7062.930176,667950000
2009-03-02,7056.479980,7058.950195,6755.169922,6763.290039,6763.290039,568670000
2009-03-03,6764.810059,6855.290039,6705.629883,6726.020020,6726.020020,445280000
2009-03-04,6726.500000,6979.220215,6726.419922,6875.839844,6875.839844,464830000
2009-03-05,6874.009766,6874.009766,6544.100098,6594.439941,6594.439941,509770000
2009-03-06,6595.160156,6755.169922,6469.950195,6626.939941,6626.939941,425170000
2009-03-09,6625.740234,6709.609863,6516.859863,6547.049805,6547.049805,365990000
2009-03-10,6547.009766,6926.490234,6546.609863,6926.490234,6926.490234,640020000
2009-03-11,6923.129883,7015.060059,6867.549805,6930.399902,6930.399902,524430000
2009-03-12,6932.390137,7184.709961,6872.250000,7170.060059,7170.060059,488690000
2009-03-13,7167.350098,7242.620117,7105.859863,7223.979980,7223.979980,479010000
2009-03-16,7225.330078,7392.910156,7206.850098,7216.970215,7216.970215,586970000
2009-03-17,7218.000000,7396.810059,7172.049805,7395.700195,7395.700195,391880000
2009-03-18,7395.700195,7571.640137,7257.270020,7486.580078,7486.580078,584110000
2009-03-19,7489.680176,7548.459961,7369.259766,7400.799805,7400.799805,559920000
2009-03-20,7402.310059,7460.930176,7257.830078,7278.379883,7278.379883,672950000
2009-03-23,7279.250000,7780.720215,7278.779785,7775.859863,7775.859863,515600000
2009-03-24,7773.470215,7796.569824,7646.990234,7659.970215,7659.970215,379670000
2009-03-25,7659.810059,7863.629883,7550.060059,7749.810059,7749.810059,454090000
2009-03-26,7752.359863,7931.330078,7752.279785,7924.560059,7924.560059,397260000
2009-03-27,7922.569824,7922.569824,7735.950195,7776.180176,7776.180176,323650000
2009-03-30,7773.310059,7773.390137,7437.589844,7522.020020,7522.020020,383260000
2009-03-31,7523.770020,7725.359863,7523.450195,7608.919922,7608.919922,399840000
2009-04-01,7606.129883,7789.000000,7483.870117,7761.600098,7761.600098,361340000
2009-04-02,7763.990234,8075.729980,7763.990234,7978.080078,7978.080078,442820000
2009-04-03,7980.629883,8019.500000,7897.240234,8017.589844,8017.589844,308210000
2009-04-06,8016.160156,8016.160156,7862.200195,7975.850098,7975.850098,247400000
2009-04-07,7968.919922,7969.080078,7762.080078,7789.560059,7789.560059,276920000
2009-04-08,7788.680176,7887.520020,7750.850098,7837.109863,7837.109863,255350000
2009-04-09,7839.890137,8087.279785,7839.890137,8083.379883,8083.379883,462060000
2009-04-13,8082.020020,8113.410156,7963.750000,8057.810059,8057.810059,424250000
2009-04-14,8057.410156,8057.410156,7902.259766,7920.180176,7920.180176,513010000
2009-04-15,7914.919922,8041.319824,7870.479980,8029.620117,8029.620117,413280000
2009-04-16,8029.140137,8168.120117,7962.709961,8125.430176,8125.430176,359470000
2009-04-17,8125.430176,8190.660156,8086.879883,8131.330078,8131.330078,537670000
2009-04-20,8128.939941,8128.939941,7840.450195,7841.729980,7841.729980,453660000
2009-04-21,7841.729980,7979.200195,7791.950195,7969.560059,7969.560059,424030000
2009-04-22,7964.779785,8044.830078,7868.009766,7886.569824,7886.569824,387030000
2009-04-23,7886.810059,7979.439941,7804.209961,7957.060059,7957.060059,327240000
2009-04-24,7957.450195,8127.500000,7957.450195,8076.290039,8076.290039,402720000
2009-04-27,8073.819824,8122.560059,7987.160156,8025.000000,8025.000000,282990000
2009-04-28,8023.560059,8091.660156,7938.979980,8016.950195,8016.950195,274710000
2009-04-29,8018.310059,8257.570313,8017.910156,8185.729980,8185.729980,300340000
2009-04-30,8188.509766,8307.509766,8136.899902,8168.120117,8168.120117,341400000
2009-05-01,8167.410156,8219.809570,8099.310059,8212.410156,8212.410156,237360000
2009-05-04,8213.599609,8434.860352,8213.599609,8426.740234,8426.740234,354490000
2009-05-05,8425.549805,8458.120117,8362.780273,8410.650391,8410.650391,311490000
2009-05-06,8403.480469,8518.570313,8403.000000,8512.280273,8512.280273,454480000
2009-05-07,8512.280273,8577.190430,8358.000000,8409.849609,8409.849609,476640000
2009-05-08,8410.730469,8587.549805,8410.730469,8574.650391,8574.650391,428420000
2009-05-11,8569.230469,8569.230469,8410.330078,8418.769531,8418.769531,332630000
2009-05-12,8419.169922,8517.459961,8365.650391,8469.110352,8469.110352,334840000
2009-05-13,8461.799805,8462.040039,8262.429688,8284.889648,8284.889648,336930000
2009-05-14,8285.919922,8376.639648,8273.900391,8331.320313,8331.320313,323800000
2009-05-15,8326.219727,8394.959961,8230.169922,8268.639648,8268.639648,308820000
2009-05-18,8270.150391,8511.879883,8270.150391,8504.080078,8504.080078,288280000
2009-05-19,8502.480469,8538.009766,8463.540039,8474.849609,8474.849609,277710000
2009-05-20,8471.820313,8591.929688,8405.469727,8422.040039,8422.040039,468640000
2009-05-21,8416.070313,8416.150391,8221.009766,8292.129883,8292.129883,302280000
2009-05-22,8292.209961,8364.139648,8257.169922,8277.320313,8277.320313,244190000
2009-05-26,8277.320313,8495.709961,8226.900391,8473.490234,8473.490234,314760000
2009-05-27,8473.650391,8496.589844,8289.349609,8300.019531,8300.019531,285990000
2009-05-28,8300.500000,8434.620117,8246.580078,8403.799805,8403.799805,290730000
2009-05-29,8404.040039,8522.950195,8368.519531,8500.330078,8500.330078,361910000
2009-06-01,8501.530273,8760.700195,8501.290039,8721.440430,8721.440430,354830000
2009-06-02,8721.599609,8787.129883,8693.719727,8740.870117,8740.870117,257560000
2009-06-03,8740.070313,8740.389648,8598.379883,8675.240234,8675.240234,252160000
2009-06-04,8675.280273,8751.250000,8634.570313,8750.240234,8750.240234,237800000
2009-06-05,8751.750000,8839.400391,8700.410156,8763.129883,8763.129883,254970000
2009-06-08,8759.349609,8823.969727,8633.070313,8764.490234,8764.490234,189630000
2009-06-09,8764.830078,8803.259766,8725.120117,8763.059570,8763.059570,187930000
2009-06-10,8763.660156,8834.929688,8639.950195,8739.019531,8739.019531,219920000
2009-06-11,8736.230469,8877.929688,8736.230469,8770.919922,8770.919922,249900000
2009-06-12,8770.009766,8805.530273,8716.730469,8799.259766,8799.259766,164020000
2009-06-15,8798.500000,8798.500000,8577.900391,8612.129883,8612.129883,230220000
2009-06-16,8612.440430,8643.650391,8499.379883,8504.669922,8504.669922,240690000
2009-06-17,8504.360352,8563.009766,8461.290039,8497.179688,8497.179688,237870000
2009-06-18,8496.730469,8590.519531,8475.120117,8555.599609,8555.599609,220050000
2009-06-19,8556.959961,8616.589844,8496.730469,8539.730469,8539.730469,528710000
2009-06-22,8538.519531,8538.830078,8334.549805,8339.009766,8339.009766,291240000
2009-06-23,8340.440430,8370.900391,8286.410156,8322.910156,8322.910156,237150000
2009-06-24,8323.509766,8428.410156,8259.879883,8299.860352,8299.860352,189430000
2009-06-25,8299.250000,8490.459961,8259.429688,8472.400391,8472.400391,222540000
2009-06-26,8468.540039,8468.769531,8401.360352,8438.389648,8438.389648,307640000
2009-06-29,8440.129883,8533.230469,8429.089844,8529.379883,8529.379883,216480000
2009-06-30,8528.929688,8560.440430,8393.950195,8447.000000,8447.000000,233340000
2009-07-01,8447.530273,8580.469727,8447.530273,8504.059570,8504.059570,184600000
2009-07-02,8503.000000,8503.230469,8280.740234,8280.740234,8280.740234,157800000
2009-07-06,8280.740234,8327.969727,8205.990234,8324.870117,8324.870117,206900000
2009-07-07,8324.950195,8326.309570,8154.379883,8163.600098,8163.600098,210880000
2009-07-08,8163.600098,8219.519531,8087.189941,8178.410156,8178.410156,325250000
2009-07-09,8179.009766,8228.669922,8145.310059,8183.169922,8183.169922,192660000
2009-07-10,8182.490234,8183.850098,8093.310059,8146.520020,8146.520020,174260000
2009-07-13,8146.520020,8331.679688,8130.419922,8331.679688,8331.679688,253520000
2009-07-14,8331.370117,8361.230469,8285.200195,8359.490234,8359.490234,189170000
2009-07-15,8363.950195,8628.230469,8363.950195,8616.209961,8616.209961,305000000
2009-07-16,8612.660156,8739.549805,8584.400391,8711.820313,8711.820313,216580000
2009-07-17,8711.889648,8754.290039,8674.410156,8743.940430,8743.940430,301410000
2009-07-20,8746.049805,8854.799805,8745.900391,8848.150391,8848.150391,213730000
2009-07-21,8848.150391,8927.129883,8811.269531,8915.940430,8915.940430,218910000
2009-07-22,8912.389648,8949.799805,8860.320313,8881.259766,8881.259766,199010000
2009-07-23,8882.309570,9096.719727,8866.440430,9069.290039,9069.290039,274760000
2009-07-24,9066.110352,9100.879883,9007.389648,9093.240234,9093.240234,214310000
2009-07-27,9093.089844,9123.400391,9034.519531,9108.509766,9108.509766,176830000
2009-07-28,9106.919922,9124.910156,9007.469727,9096.719727,9096.719727,198270000
2009-07-29,9092.339844,9094.830078,9014.190430,9070.719727,9070.719727,190510000
2009-07-30,9072.839844,9246.429688,9072.610352,9154.459961,9154.459961,232410000
2009-07-31,9154.610352,9218.769531,9133.450195,9171.610352,9171.610352,265570000
2009-08-03,9173.650391,9298.429688,9173.650391,9286.559570,9286.559570,221690000
2009-08-04,9285.049805,9321.099609,9250.740234,9320.190430,9320.190430,195990000
2009-08-05,9315.360352,9318.080078,9206.450195,9280.969727,9280.969727,236610000
2009-08-06,9277.190430,9325.110352,9208.799805,9256.259766,9256.259766,244450000
2009-08-07,9258.450195,9437.709961,9258.450195,9370.070313,9370.070313,216600000
2009-08-10,9368.410156,9371.959961,9290.339844,9337.950195,9337.950195,161370000
2009-08-11,9334.330078,9334.330078,9216.879883,9241.450195,9241.450195,171380000
2009-08-12,9236.059570,9424.110352,9221.019531,9361.610352,9361.610352,197420000
2009-08-13,9362.290039,9406.500000,9305.309570,9398.190430,9398.190430,145620000
2009-08-14,9398.040039,9401.969727,9232.830078,9321.400391,9321.400391,172780000
2009-08-17,9313.849609,9313.849609,9116.519531,9135.339844,9135.339844,207100000
2009-08-18,9134.360352,9233.509766,9134.360352,9217.940430,9217.940430,158530000
2009-08-19,9208.679688,9313.089844,9131.940430,9279.160156,9279.160156,176910000
2009-08-20,9278.549805,9363.950195,9267.969727,9350.049805,9350.049805,151740000
2009-08-21,9347.860352,9519.110352,9347.250000,9505.959961,9505.959961,293530000
2009-08-24,9506.179688,9587.730469,9486.230469,9509.280273,9509.280273,190590000
2009-08-25,9509.209961,9620.000000,9508.980469,9539.290039,9539.290039,173890000
2009-08-26,9538.610352,9582.969727,9485.780273,9543.519531,9543.519531,154660000
2009-08-27,9541.629883,9609.719727,9459.400391,9580.629883,9580.629883,163980000
2009-08-28,9582.740234,9630.200195,9495.980469,9544.200195,9544.200195,205770000
2009-08-31,9542.910156,9543.059570,9436.129883,9496.280273,9496.280273,201600000
2009-09-01,9492.320313,9557.950195,9292.080078,9310.599609,9310.599609,267680000
2009-09-02,9306.209961,9330.929688,9262.299805,9280.669922,9280.669922,175200000
2009-09-03,9282.030273,9350.269531,9252.929688,9344.610352,9344.610352,168750000
2009-09-04,9345.360352,9445.719727,9321.629883,9441.269531,9441.269531,152400000
2009-09-08,9440.129883,9511.019531,9439.980469,9497.339844,9497.339844,202370000
2009-09-09,9496.589844,9577.219727,9476.179688,9547.219727,9547.219727,190820000
2009-09-10,9546.540039,9633.000000,9508.219727,9627.480469,9627.480469,234130000
2009-09-11,9625.440430,9649.849609,9571.559570,9605.410156,9605.410156,196760000
2009-09-14,9598.080078,9631.110352,9535.959961,9626.799805,9626.799805,196480000
2009-09-15,9626.419922,9713.709961,9580.929688,9683.410156,9683.410156,224030000
2009-09-16,9683.709961,9799.719727,9679.179688,9791.709961,9791.709961,241270000
2009-09-17,9789.820313,9854.580078,9749.459961,9783.919922,9783.919922,225470000
2009-09-18,9784.750000,9847.709961,9784.679688,9820.200195,9820.200195,424930000
2009-09-21,9818.610352,9818.690430,9725.879883,9778.860352,9778.860352,172830000
2009-09-22,9779.610352,9843.400391,9771.910156,9829.870117,9829.870117,194620000
2009-09-23,9830.629883,9917.990234,9740.839844,9748.549805,9748.549805,233330000
2009-09-24,9749.990234,9805.389648,9666.030273,9707.440430,9707.440430,201890000
2009-09-25,9706.679688,9735.929688,9641.009766,9665.190430,9665.190430,189350000
2009-09-28,9663.230469,9823.669922,9663.230469,9789.360352,9789.360352,163780000
2009-09-29,9789.740234,9834.480469,9739.110352,9742.200195,9742.200195,154000000
2009-09-30,9741.830078,9776.820313,9608.589844,9712.280273,9712.280273,268390000
2009-10-01,9711.599609,9711.669922,9500.370117,9509.280273,9509.280273,266990000
2009-10-02,9507.620117,9524.780273,9430.080078,9487.669922,9487.669922,219750000
2009-10-05,9488.730469,9625.059570,9481.089844,9599.750000,9599.750000,173850000
2009-10-06,9601.259766,9774.320313,9601.259766,9731.250000,9731.250000,206020000
2009-10-07,9725.690430,9740.320313,9675.620117,9725.580078,9725.580078,167650000
2009-10-08,9728.219727,9836.669922,9728.070313,9786.870117,9786.870117,209580000
2009-10-09,9786.040039,9865.009766,9764.879883,9864.940430,9864.940430,161120000
2009-10-12,9865.240234,9931.820313,9849.370117,9885.799805,9885.799805,158850000
2009-10-13,9883.980469,9895.089844,9815.059570,9871.059570,9871.059570,211510000
2009-10-14,9873.549805,10027.730469,9873.480469,10015.860352,10015.860352,284810000
2009-10-15,10014.879883,10062.940430,9977.469727,10062.940430,10062.940430,252480000
2009-10-16,10061.360352,10061.660156,9939.910156,9995.910156,9995.910156,307770000
2009-10-19,9996.669922,10117.959961,9995.150391,10092.190430,10092.190430,186240000
2009-10-20,10092.419922,10098.389648,9992.809570,10041.480469,10041.480469,214500000
2009-10-21,10038.839844,10119.469727,9943.759766,9949.360352,9949.360352,251050000
2009-10-22,9946.179688,10105.190430,9916.780273,10081.309570,10081.309570,231900000
2009-10-23,10099.900391,10109.570313,9932.500000,9972.179688,9972.179688,305670000
2009-10-26,9972.330078,10072.320313,9849.450195,9867.959961,9867.959961,270050000
2009-10-27,9868.339844,9947.540039,9837.959961,9882.169922,9882.169922,237060000
2009-10-28,9881.110352,9902.419922,9758.080078,9762.690430,9762.690430,257370000
2009-10-29,9762.910156,9969.910156,9759.129883,9962.580078,9962.580078,248950000
2009-10-30,9961.519531,9962.129883,9684.540039,9712.730469,9712.730469,327980000
2009-11-02,9712.129883,9858.589844,9678.950195,9789.440430,9789.440430,242460000
2009-11-03,9787.469727,9787.469727,9703.889648,9771.910156,9771.910156,231520000
2009-11-04,9767.299805,9928.040039,9767.139648,9802.139648,9802.139648,224130000
2009-11-05,9807.799805,10013.070313,9807.799805,10005.959961,10005.959961,211040000
2009-11-06,10001.349609,10044.500000,9936.809570,10023.419922,10023.419922,181010000
2009-11-09,10020.620117,10228.230469,10020.620117,10226.940430,10226.940430,227470000
2009-11-10,10223.009766,10260.799805,10197.690430,10246.969727,10246.969727,193950000
2009-11-11,10247.419922,10341.969727,10246.139648,10291.259766,10291.259766,166920000
2009-11-12,10289.820313,10321.639648,10171.240234,10197.469727,10197.469727,183810000
2009-11-13,10197.849609,10305.690430,10192.030273,10270.469727,10270.469727,167280000
2009-11-16,10267.530273,10434.240234,10267.450195,10406.959961,10406.959961,202570000
2009-11-17,10404.769531,10438.169922,10361.990234,10437.419922,10437.419922,158320000
2009-11-18,10426.269531,10432.660156,10360.099609,10426.309570,10426.309570,166340000
2009-11-19,10425.330078,10425.330078,10256.110352,10332.440430,10332.440430,196250000
2009-11-20,10327.910156,10342.719727,10271.679688,10318.160156,10318.160156,230430000
2009-11-23,10320.129883,10495.610352,10320.049805,10450.950195,10450.950195,182350000
2009-11-24,10451.250000,10453.969727,10359.580078,10433.709961,10433.709961,163750000
2009-11-25,10432.959961,10481.480469,10420.940430,10464.400391,10464.400391,130080000
2009-11-27,10452.230469,10452.230469,10231.250000,10309.919922,10309.919922,130290000
2009-11-30,10309.769531,10364.339844,10263.290039,10344.839844,10344.839844,223580000
2009-12-01,10343.820313,10501.280273,10343.440430,10471.580078,10471.580078,190220000
2009-12-02,10470.440430,10513.519531,10421.469727,10452.679688,10452.679688,159500000
2009-12-03,10455.629883,10507.629883,10350.049805,10366.150391,10366.150391,243970000
2009-12-04,10368.570313,10516.700195,10311.809570,10388.900391,10388.900391,460660000
2009-12-07,10386.860352,10443.160156,10360.179688,10390.110352,10390.110352,196580000
2009-12-08,10385.419922,10385.650391,10249.839844,10285.969727,10285.969727,221770000
2009-12-09,10282.849609,10342.269531,10235.629883,10337.049805,10337.049805,188610000
2009-12-10,10336.000000,10444.599609,10335.769531,10405.830078,10405.830078,195910000
2009-12-11,10403.410156,10484.049805,10400.080078,10471.500000,10471.500000,179970000
2009-12-14,10471.280273,10514.660156,10471.280273,10501.049805,10501.049805,154360000
2009-12-15,10499.309570,10499.309570,10426.690430,10452.000000,10452.000000,187560000
2009-12-16,10449.809570,10509.969727,10427.589844,10441.120117,10441.120117,208310000
2009-12-17,10439.990234,10440.059570,10307.959961,10308.259766,10308.259766,198860000
2009-12-18,10309.389648,10372.349609,10263.900391,10328.889648,10328.889648,480080000
2009-12-21,10330.099609,10458.049805,10329.799805,10414.139648,10414.139648,164470000
2009-12-22,10414.669922,10479.820313,10414.589844,10464.929688,10464.929688,135080000
2009-12-23,10464.320313,10492.059570,10437.799805,10466.440430,10466.440430,112460000
2009-12-24,10467.120117,10522.059570,10461.679688,10520.089844,10520.089844,52670000
2009-12-28,10517.910156,10551.610352,10506.339844,10547.080078,10547.080078,102010000
2009-12-29,10547.830078,10580.330078,10544.280273,10545.410156,10545.410156,92890000
2009-12-30,10544.360352,10550.700195,10505.660156,10548.509766,10548.509766,110160000
2009-12-31,10548.509766,10555.009766,10423.129883,10428.049805,10428.049805,137940000