,jointime,outtime,scores,one,two
0,2016-06-08,2019-04-24 02:23:00,50,2019-04-24,02:23:00
1,2017-07-21,2019-04-24 00:11:00,40,2019-04-24,00:11:00
2,2012-08-07,2019-04-24 00:01:00,50,2019-04-24,00:01:00
3,2015-02-27,2019-04-24 03:05:00,50,2019-04-24,03:05:00
4,2018-10-21,2019-04-24 00:00:00,50,2019-04-24,00:00:00
5,2011-03-10,2019-04-24 04:52:00,50,2019-04-24,04:52:00
6,2012-05-17,2019-04-24 02:50:00,50,2019-04-24,02:50:00
7,2015-01-08,2019-04-24 03:30:00,50,2019-04-24,03:30:00
8,2015-03-19,2019-04-24 02:52:00,50,2019-04-24,02:52:00
9,2016-05-09,2019-04-24 02:40:00,50,2019-04-24,02:40:00
10,2010-02-24,2019-04-24 00:03:00,40,2019-04-24,00:03:00
11,2005-10-09,2019-04-24 03:07:00,40,2019-04-24,03:07:00
12,2015-08-10,2019-04-24 03:50:00,40,2019-04-24,03:50:00
13,2017-04-23,2019-04-24 02:50:00,50,2019-04-24,02:50:00
14,2016-12-08,2019-04-24 00:00:00,50,2019-04-24,00:00:00
15,2017-12-06,2019-04-24 00:10:00,50,2019-04-24,00:10:00
16,2011-01-31,2019-04-24 02:51:00,50,2019-04-24,02:51:00
17,2018-02-13,2019-04-24 21:10:00,40,2019-04-24,21:10:00
18,2017-11-16,2019-04-24 02:55:00,50,2019-04-24,02:55:00
19,2014-07-20,2019-04-24 02:55:00,50,2019-04-24,02:55:00
20,2008-03-19,2019-04-24 02:59:00,40,2019-04-24,02:59:00
21,2017-01-18,2019-04-24 01:09:00,50,2019-04-24,01:09:00
22,2018-05-02,2019-04-24 02:55:00,50,2019-04-24,02:55:00
23,2009-03-30,2019-04-24 03:13:00,40,2019-04-24,03:13:00
24,2014-12-19,2019-04-24 03:01:00,50,2019-04-24,03:01:00
25,2011-02-08,2019-04-24 23:54:00,50,2019-04-24,23:54:00
26,2010-08-23,2019-04-24 03:15:00,50,2019-04-24,03:15:00
27,2005-12-31,2019-04-24 03:31:00,40,2019-04-24,03:31:00
28,2005-07-18,2019-04-24 19:47:00,50,2019-04-24,19:47:00
29,2011-12-24,2019-04-24 03:04:00,40,2019-04-24,03:04:00
30,2013-02-12,2019-04-24 00:07:00,50,2019-04-24,00:07:00
31,2016-03-14,2019-04-24 04:13:00,50,2019-04-24,04:13:00
32,2015-04-07,2019-04-24 05:18:00,50,2019-04-24,05:18:00
33,2009-01-25,2019-04-24 17:44:00,40,2019-04-24,17:44:00
34,2009-07-18,2019-04-24 15:20:00,50,2019-04-24,15:20:00
35,2017-11-19,2019-04-24 00:06:00,50,2019-04-24,00:06:00
36,2013-06-18,2019-04-24 03:50:00,50,2019-04-24,03:50:00
37,2010-09-13,2019-04-24 03:17:00,40,2019-04-24,03:17:00
38,2016-07-26,2019-04-24 01:27:00,50,2019-04-24,01:27:00
39,2011-01-23,2019-04-24 03:50:00,50,2019-04-24,03:50:00
40,2010-12-26,2019-04-24 02:51:00,40,2019-04-24,02:51:00
41,2006-03-19,2019-04-24 22:23:00,40,2019-04-24,22:23:00
42,2009-06-19,2019-04-24 02:55:00,50,2019-04-24,02:55:00
43,2013-02-27,2019-04-24 02:55:00,50,2019-04-24,02:55:00
44,2011-04-22,2019-04-24 01:05:00,50,2019-04-24,01:05:00
45,2012-11-09,2019-04-24 00:05:00,50,2019-04-24,00:05:00
46,2013-06-12,2019-04-24 03:50:00,50,2019-04-24,03:50:00
47,2010-09-07,2019-04-24 23:28:00,40,2019-04-24,23:28:00
48,2015-05-03,2019-04-24 03:05:00,50,2019-04-24,03:05:00
49,2013-11-15,2019-04-24 03:52:00,40,2019-04-24,03:52:00
50,2012-03-06,2019-04-24 02:57:00,50,2019-04-24,02:57:00
51,2018-11-22,2019-04-24 00:23:00,50,2019-04-24,00:23:00
52,2007-02-23,2019-04-24 03:07:00,40,2019-04-24,03:07:00
53,2010-03-23,2019-04-24 03:06:00,50,2019-04-24,03:06:00
54,2010-03-17,2019-04-24 05:06:00,50,2019-04-24,05:06:00
55,2008-03-12,2019-04-25 06:08:00,50,2019-04-25,06:08:00
56,2016-12-24,2019-04-24 02:42:00,50,2019-04-24,02:42:00
57,2008-07-25,2019-04-24 11:15:00,40,2019-04-24,11:15:00
58,2010-09-06,2019-04-24 03:25:00,50,2019-04-24,03:25:00
59,2007-08-10,2019-04-24 02:57:00,40,2019-04-24,02:57:00
60,2009-03-06,2019-04-24 03:00:00,50,2019-04-24,03:00:00
61,2011-06-12,2019-04-24 03:32:00,40,2019-04-24,03:32:00
62,2013-10-13,2019-04-24 02:52:00,50,2019-04-24,02:52:00
63,2008-05-26,2019-04-25 21:58:00,40,2019-04-25,21:58:00
64,2017-03-16,2019-04-24 00:14:00,50,2019-04-24,00:14:00
65,2015-08-26,2019-04-24 02:38:00,50,2019-04-24,02:38:00
66,2017-11-09,2019-04-24 03:13:00,50,2019-04-24,03:13:00
67,2008-08-20,2019-04-24 15:04:00,50,2019-04-24,15:04:00
68,2015-08-30,2019-04-24 02:59:00,50,2019-04-24,02:59:00
69,2006-06-02,2019-05-02 22:37:00,50,2019-05-02,22:37:00
70,2015-05-18,2019-04-24 02:56:00,50,2019-04-24,02:56:00
71,2010-09-10,2019-04-24 03:05:00,50,2019-04-24,03:05:00
72,2009-01-28,2019-04-24 22:33:00,50,2019-04-24,22:33:00
73,2015-01-17,2019-04-24 16:08:00,50,2019-04-24,16:08:00
74,2006-08-17,2019-04-24 02:34:00,40,2019-04-24,02:34:00
75,2011-01-29,2019-04-24 03:05:00,50,2019-04-24,03:05:00
76,2011-06-26,2019-04-24 11:57:00,50,2019-04-24,11:57:00
77,2011-04-21,2019-04-24 03:47:00,40,2019-04-24,03:47:00
78,2008-06-16,2019-04-24 03:33:00,50,2019-04-24,03:33:00
79,2006-11-27,2019-04-24 16:23:00,40,2019-04-24,16:23:00
80,2007-10-10,2019-04-24 03:23:00,50,2019-04-24,03:23:00
81,2012-10-21,2019-04-24 12:38:00,50,2019-04-24,12:38:00
82,2010-05-21,2019-04-24 18:12:00,50,2019-04-24,18:12:00
83,2006-03-28,2019-04-25 06:48:00,40,2019-04-25,06:48:00
84,2018-05-02,2019-04-24 12:21:00,50,2019-04-24,12:21:00
85,2018-06-27,2019-04-24 05:45:00,50,2019-04-24,05:45:00
86,2012-07-10,2019-04-24 04:05:00,50,2019-04-24,04:05:00
87,2010-08-29,2019-04-24 00:43:00,50,2019-04-24,00:43:00
88,2006-10-06,2019-04-27 12:18:00,50,2019-04-27,12:18:00
89,2011-01-29,2019-04-24 23:48:00,40,2019-04-24,23:48:00
90,2018-10-07,2019-04-24 08:16:00,50,2019-04-24,08:16:00
91,2014-11-18,2019-04-24 00:02:00,40,2019-04-24,00:02:00
92,2010-07-08,2019-04-28 13:49:00,50,2019-04-28,13:49:00
93,2005-11-03,2019-04-24 22:41:00,50,2019-04-24,22:41:00
94,2016-12-27,2019-05-03 15:27:00,40,2019-05-03,15:27:00
95,2012-02-25,2019-04-24 05:35:00,50,2019-04-24,05:35:00
96,2009-08-23,2019-04-24 03:18:00,50,2019-04-24,03:18:00
97,2014-07-17,2019-04-24 19:51:00,40,2019-04-24,19:51:00
98,2009-04-23,2019-04-24 03:02:00,50,2019-04-24,03:02:00
99,2011-01-17,2019-04-24 18:18:00,50,2019-04-24,18:18:00
100,2012-02-02,2019-04-24 12:36:00,50,2019-04-24,12:36:00
101,2011-08-01,2019-04-24 00:46:00,50,2019-04-24,00:46:00
102,2008-01-28,2019-04-25 22:50:00,40,2019-04-25,22:50:00
103,2011-07-24,2019-04-24 03:00:00,50,2019-04-24,03:00:00
104,2007-12-30,2019-04-25 00:22:00,50,2019-04-25,00:22:00
105,2016-09-28,2019-04-24 19:02:00,50,2019-04-24,19:02:00
106,2012-06-18,2019-04-24 03:28:00,50,2019-04-24,03:28:00
107,2009-08-07,2019-04-27 19:57:00,50,2019-04-27,19:57:00
108,2015-03-06,2019-04-24 06:31:00,50,2019-04-24,06:31:00
109,2007-07-06,2019-04-24 06:58:00,50,2019-04-24,06:58:00
110,2010-04-13,2019-04-24 22:44:00,50,2019-04-24,22:44:00
111,2017-03-14,2019-04-24 03:58:00,50,2019-04-24,03:58:00
112,2005-11-13,2019-04-24 20:05:00,50,2019-04-24,20:05:00
113,2007-01-25,2019-04-24 15:09:00,40,2019-04-24,15:09:00
114,2017-07-17,2019-04-24 20:28:00,40,2019-04-24,20:28:00
115,2006-10-20,2019-04-24 12:45:00,50,2019-04-24,12:45:00
116,2007-12-05,2019-04-27 10:49:00,40,2019-04-27,10:49:00
117,2009-06-25,2019-04-24 05:37:00,50,2019-04-24,05:37:00
118,2010-07-21,2019-04-26 01:33:00,40,2019-04-26,01:33:00
119,2006-04-13,2019-04-24 16:08:00,40,2019-04-24,16:08:00
120,2016-08-03,2019-04-24 15:42:00,50,2019-04-24,15:42:00
121,2005-07-11,2019-04-26 12:38:00,40,2019-04-26,12:38:00
122,2011-03-01,2019-04-24 22:14:00,50,2019-04-24,22:14:00
123,2010-11-06,2019-04-27 17:20:00,50,2019-04-27,17:20:00
124,2009-05-28,2019-04-24 08:37:00,40,2019-04-24,08:37:00
125,2011-06-19,2019-04-24 22:47:00,50,2019-04-24,22:47:00
126,2010-06-15,2019-04-24 04:27:00,40,2019-04-24,04:27:00
127,2009-02-25,2019-04-24 03:00:00,50,2019-04-24,03:00:00
128,2008-06-12,2019-04-25 00:49:00,40,2019-04-25,00:49:00
129,2014-06-29,2019-04-24 01:04:00,50,2019-04-24,01:04:00
130,2007-01-20,2019-04-24 02:56:00,50,2019-04-24,02:56:00
131,2007-06-17,2019-04-24 14:49:00,40,2019-04-24,14:49:00
132,2011-07-31,2019-05-01 04:18:00,50,2019-05-01,04:18:00
133,2010-10-26,2019-04-24 15:53:00,50,2019-04-24,15:53:00
134,2006-08-22,2019-04-24 15:24:00,40,2019-04-24,15:24:00
135,2010-12-15,2019-04-25 01:49:00,50,2019-04-25,01:49:00
136,2009-09-16,2019-04-27 02:14:00,50,2019-04-27,02:14:00
137,2011-08-18,2019-04-24 03:27:00,40,2019-04-24,03:27:00
138,2014-12-18,2019-04-24 02:55:00,40,2019-04-24,02:55:00
139,2008-08-11,2019-04-24 12:15:00,40,2019-04-24,12:15:00
140,2007-02-28,2019-04-25 01:18:00,50,2019-04-25,01:18:00
141,2011-08-08,2019-04-24 03:22:00,50,2019-04-24,03:22:00
142,2007-11-18,2019-04-24 03:01:00,40,2019-04-24,03:01:00
143,2017-12-31,2019-04-25 18:07:00,50,2019-04-25,18:07:00
144,2016-07-21,2019-04-24 03:36:00,50,2019-04-24,03:36:00
145,2006-01-15,2019-04-24 23:00:00,50,2019-04-24,23:00:00
146,2015-05-27,2019-05-01 07:55:00,50,2019-05-01,07:55:00
147,2007-06-11,2019-05-05 00:21:00,50,2019-05-05,00:21:00
148,2006-11-12,2019-04-26 00:25:00,50,2019-04-26,00:25:00
149,2011-03-07,2019-04-24 10:55:00,50,2019-04-24,10:55:00
150,2013-01-05,2019-04-27 23:14:00,50,2019-04-27,23:14:00
151,2008-03-09,2019-04-25 13:32:00,50,2019-04-25,13:32:00
152,2007-11-09,2019-04-24 12:08:00,50,2019-04-24,12:08:00
153,2008-08-07,2019-04-24 23:20:00,50,2019-04-24,23:20:00
154,2012-01-22,2019-04-24 16:34:00,40,2019-04-24,16:34:00
155,2015-06-07,2019-04-24 13:08:00,50,2019-04-24,13:08:00
156,2009-02-07,2019-04-28 06:10:00,40,2019-04-28,06:10:00
157,2007-12-26,2019-04-24 17:51:00,40,2019-04-24,17:51:00
158,2009-05-19,2019-04-24 14:07:00,40,2019-04-24,14:07:00
159,2007-08-25,2019-04-24 14:23:00,40,2019-04-24,14:23:00
160,2006-09-23,2019-04-24 13:31:00,40,2019-04-24,13:31:00
161,2010-06-05,2019-04-24 09:18:00,50,2019-04-24,09:18:00
162,2011-02-08,2019-04-24 18:31:00,50,2019-04-24,18:31:00
163,2007-05-28,2019-04-24 03:14:00,50,2019-04-24,03:14:00
164,2006-11-24,2019-04-27 10:27:00,40,2019-04-27,10:27:00
165,2006-11-11,2019-04-24 20:11:00,40,2019-04-24,20:11:00
166,2007-05-20,2019-04-24 02:58:00,50,2019-04-24,02:58:00
167,2009-11-18,2019-04-24 03:45:00,50,2019-04-24,03:45:00
168,2006-07-17,2019-04-27 18:17:00,40,2019-04-27,18:17:00
169,2012-05-10,2019-04-27 18:45:00,40,2019-04-27,18:45:00
170,2007-05-14,2019-04-27 06:50:00,50,2019-04-27,06:50:00
171,2009-06-14,2019-05-09 13:52:00,40,2019-05-09,13:52:00
172,2009-08-22,2019-04-24 03:09:00,50,2019-04-24,03:09:00
173,2009-05-07,2019-04-26 01:09:00,50,2019-04-26,01:09:00
174,2010-07-28,2019-04-24 15:51:00,50,2019-04-24,15:51:00
175,2008-05-23,2019-04-27 09:29:00,40,2019-04-27,09:29:00
176,2016-01-25,2019-04-24 12:30:00,50,2019-04-24,12:30:00
177,2011-06-14,2019-04-24 22:11:00,40,2019-04-24,22:11:00
178,2015-03-22,2019-04-24 07:45:00,50,2019-04-24,07:45:00
179,2008-07-10,2019-04-27 11:47:00,50,2019-04-27,11:47:00
180,2009-07-20,2019-04-25 00:05:00,50,2019-04-25,00:05:00
181,2006-03-30,2019-04-24 03:31:00,40,2019-04-24,03:31:00
182,2012-08-30,2019-04-24 15:58:00,50,2019-04-24,15:58:00
183,2015-06-17,2019-04-24 13:50:00,50,2019-04-24,13:50:00
184,2009-05-04,2019-04-24 22:26:00,50,2019-04-24,22:26:00
185,2013-06-29,2019-04-24 03:53:00,40,2019-04-24,03:53:00
186,2010-02-23,2019-04-26 11:34:00,40,2019-04-26,11:34:00
187,2009-03-08,2019-04-24 16:52:00,40,2019-04-24,16:52:00
188,2010-07-15,2019-04-24 03:21:00,50,2019-04-24,03:21:00
189,2018-12-27,2019-04-24 00:17:00,50,2019-04-24,00:17:00
190,2009-08-19,2019-04-25 20:00:00,50,2019-04-25,20:00:00
191,2010-02-23,2019-04-24 22:08:00,50,2019-04-24,22:08:00
192,2008-12-26,2019-04-24 03:33:00,50,2019-04-24,03:33:00
193,2006-08-01,2019-04-24 22:24:00,40,2019-04-24,22:24:00
194,2007-05-10,2019-04-27 14:19:00,40,2019-04-27,14:19:00
195,2008-11-13,2019-04-28 13:51:00,50,2019-04-28,13:51:00
196,2009-11-28,2019-04-25 22:57:00,40,2019-04-25,22:57:00
197,2017-02-08,2019-04-24 03:06:00,50,2019-04-24,03:06:00
198,2018-09-24,2019-04-24 04:29:00,40,2019-04-24,04:29:00
199,2012-11-12,2019-04-24 03:05:00,50,2019-04-24,03:05:00
200,2014-02-05,2019-04-24 03:50:00,50,2019-04-24,03:50:00
201,2010-10-22,2019-04-25 10:25:00,40,2019-04-25,10:25:00
202,2012-09-15,2019-04-24 04:45:00,50,2019-04-24,04:45:00
203,2007-09-03,2019-04-24 22:44:00,40,2019-04-24,22:44:00
204,2006-12-01,2019-05-23 14:56:00,50,2019-05-23,14:56:00
205,2017-02-16,2019-04-24 10:46:00,50,2019-04-24,10:46:00
206,2008-01-09,2019-05-02 20:28:00,40,2019-05-02,20:28:00
207,2009-12-01,2019-05-04 18:33:00,40,2019-05-04,18:33:00
208,2012-02-09,2019-04-24 23:36:00,40,2019-04-24,23:36:00
209,2007-08-20,2019-04-25 11:07:00,40,2019-04-25,11:07:00
210,2010-12-09,2019-04-24 19:24:00,50,2019-04-24,19:24:00
211,2018-07-08,2019-04-24 11:31:00,40,2019-04-24,11:31:00
212,2008-12-10,2019-04-24 18:16:00,40,2019-04-24,18:16:00
213,2011-06-11,2019-04-27 07:43:00,50,2019-04-27,07:43:00
214,2006-07-22,2019-04-24 03:25:00,40,2019-04-24,03:25:00
215,2009-05-15,2019-04-24 23:10:00,40,2019-04-24,23:10:00
216,2006-12-29,2019-04-28 23:55:00,40,2019-04-28,23:55:00
217,2014-12-27,2019-04-24 22:20:00,50,2019-04-24,22:20:00
218,2011-06-15,2019-04-25 14:12:00,50,2019-04-25,14:12:00
219,2017-01-08,2019-04-24 03:05:50,30,2019-04-24,03:05:50
220,2009-02-21,2019-04-24 01:46:26,30,2019-04-24,01:46:26
221,2011-08-12,2019-04-24 04:24:15,30,2019-04-24,04:24:15
222,2008-07-18,2019-04-24 07:51:46,30,2019-04-24,07:51:46
223,2012-12-22,2019-04-24 05:25:21,30,2019-04-24,05:25:21
224,2011-03-07,2019-04-24 00:27:29,30,2019-04-24,00:27:29
225,2011-10-29,2019-04-24 10:36:15,30,2019-04-24,10:36:15
226,2008-08-30,2019-04-24 03:58:43,30,2019-04-24,03:58:43
227,2015-10-14,2019-04-24 08:31:46,30,2019-04-24,08:31:46
228,2009-04-14,2019-04-26 15:15:59,30,2019-04-26,15:15:59
229,2012-06-19,2019-04-24 03:20:46,30,2019-04-24,03:20:46
230,2006-03-29,2019-04-26 22:56:24,30,2019-04-26,22:56:24
231,2009-03-03,2019-04-24 03:49:31,30,2019-04-24,03:49:31
232,2006-04-21,2019-04-24 13:49:22,30,2019-04-24,13:49:22
233,2013-12-08,2019-04-24 03:10:18,30,2019-04-24,03:10:18
234,2014-05-22,2019-04-24 08:05:32,30,2019-04-24,08:05:32
235,2016-01-26,2019-04-24 03:51:37,30,2019-04-24,03:51:37
236,2015-10-12,2019-04-24 13:01:05,30,2019-04-24,13:01:05
237,2011-12-14,2019-04-25 12:40:04,30,2019-04-25,12:40:04
238,2008-03-26,2019-04-24 17:07:41,30,2019-04-24,17:07:41
239,2014-05-10,2019-04-24 09:09:43,30,2019-04-24,09:09:43
240,2009-11-03,2019-04-24 03:30:33,30,2019-04-24,03:30:33
241,2012-07-15,2019-04-24 03:52:18,30,2019-04-24,03:52:18
242,2013-08-18,2019-04-24 03:13:36,30,2019-04-24,03:13:36
243,2016-11-29,2019-04-24 04:36:41,30,2019-04-24,04:36:41
244,2013-08-17,2019-04-24 20:59:48,30,2019-04-24,20:59:48
245,2006-03-10,2019-04-24 14:01:25,30,2019-04-24,14:01:25
246,2006-09-14,2019-04-24 12:54:26,30,2019-04-24,12:54:26
247,2010-04-02,2019-04-24 13:37:03,30,2019-04-24,13:37:03
248,2016-05-21,2019-04-24 07:11:26,30,2019-04-24,07:11:26
249,2006-12-25,2019-04-26 08:41:43,30,2019-04-26,08:41:43
250,2010-08-29,2019-04-24 14:38:32,30,2019-04-24,14:38:32
251,2016-07-20,2019-04-25 08:39:39,30,2019-04-25,08:39:39
252,2012-01-31,2019-04-25 01:51:27,30,2019-04-25,01:51:27
253,2008-06-19,2019-04-25 11:54:53,30,2019-04-25,11:54:53
254,2010-05-22,2019-04-24 04:32:46,30,2019-04-24,04:32:46
255,2012-01-14,2019-04-24 15:57:07,30,2019-04-24,15:57:07
256,2013-01-27,2019-04-25 15:40:40,30,2019-04-25,15:40:40
257,2007-08-29,2019-04-25 20:35:48,30,2019-04-25,20:35:48
258,2010-04-04,2019-04-24 20:56:07,30,2019-04-24,20:56:07
259,2009-05-18,2019-04-25 19:03:57,30,2019-04-25,19:03:57
260,2014-05-07,2019-04-24 13:23:57,30,2019-04-24,13:23:57
261,2008-08-25,2019-04-27 01:33:01,30,2019-04-27,01:33:01
262,2011-12-18,2019-04-24 23:52:00,30,2019-04-24,23:52:00
263,2005-07-08,2019-04-24 18:34:55,30,2019-04-24,18:34:55
264,2009-09-11,2019-04-25 02:40:50,30,2019-04-25,02:40:50
265,2007-11-05,2019-04-24 03:17:52,30,2019-04-24,03:17:52
266,2006-03-28,2019-04-24 13:31:29,30,2019-04-24,13:31:29
267,2006-06-12,2019-04-27 20:05:53,30,2019-04-27,20:05:53
268,2012-11-11,2019-04-24 23:30:22,30,2019-04-24,23:30:22
269,2014-05-23,2019-04-24 19:48:27,30,2019-04-24,19:48:27
270,2007-02-22,2019-04-28 15:31:31,30,2019-04-28,15:31:31
271,2009-11-23,2019-04-24 22:55:34,30,2019-04-24,22:55:34
272,2010-09-01,2019-04-28 02:25:51,30,2019-04-28,02:25:51
273,2006-07-18,2019-04-25 11:33:06,30,2019-04-25,11:33:06
274,2012-03-06,2019-04-24 23:12:02,30,2019-04-24,23:12:02
275,2007-03-22,2019-04-24 17:46:41,30,2019-04-24,17:46:41
276,2009-08-22,2019-04-30 21:32:48,30,2019-04-30,21:32:48
277,2007-05-18,2019-04-27 00:27:38,30,2019-04-27,00:27:38
278,2007-10-30,2019-05-17 15:57:05,30,2019-05-17,15:57:05
279,2016-11-23,2019-04-28 17:44:29,30,2019-04-28,17:44:29
280,2005-09-18,2019-04-26 23:48:27,30,2019-04-26,23:48:27
281,2006-11-01,2019-04-24 21:18:39,30,2019-04-24,21:18:39
282,2010-01-25,2019-04-24 12:27:13,30,2019-04-24,12:27:13
283,2006-07-04,2019-04-24 20:47:59,30,2019-04-24,20:47:59
284,2009-06-07,2019-04-26 00:05:55,30,2019-04-26,00:05:55
285,2007-06-09,2019-04-27 11:54:35,30,2019-04-27,11:54:35
286,2013-07-31,2019-04-27 16:19:57,30,2019-04-27,16:19:57
287,2009-10-29,2019-04-24 03:15:20,30,2019-04-24,03:15:20
288,2017-09-30,2019-04-28 18:01:13,30,2019-04-28,18:01:13
289,2010-07-26,2019-04-24 03:15:17,30,2019-04-24,03:15:17
290,2009-10-01,2019-05-05 17:39:02,30,2019-05-05,17:39:02
291,2008-06-28,2019-04-27 16:14:18,30,2019-04-27,16:14:18
292,2011-06-20,2019-04-24 16:02:16,30,2019-04-24,16:02:16
293,2012-08-31,2019-04-30 01:02:54,30,2019-04-30,01:02:54
294,2018-04-13,2019-04-26 15:04:20,30,2019-04-26,15:04:20
295,2011-02-07,2019-04-24 07:38:19,30,2019-04-24,07:38:19
296,2005-10-10,2019-04-27 17:29:43,30,2019-04-27,17:29:43
297,2010-07-02,2019-04-29 18:39:58,30,2019-04-29,18:39:58
298,2010-10-08,2019-04-27 02:39:26,30,2019-04-27,02:39:26
299,2006-12-06,2019-04-26 17:49:19,30,2019-04-26,17:49:19
300,2007-12-15,2019-04-27 14:19:02,30,2019-04-27,14:19:02
301,2007-08-08,2019-04-24 04:45:23,30,2019-04-24,04:45:23
302,2017-04-25,2019-04-24 07:15:28,30,2019-04-24,07:15:28
303,2010-08-14,2019-04-24 07:36:59,30,2019-04-24,07:36:59
304,2010-06-18,2019-04-24 17:35:16,30,2019-04-24,17:35:16
305,2010-03-19,2019-04-27 05:43:41,30,2019-04-27,05:43:41
306,2007-10-20,2019-04-26 02:19:49,30,2019-04-26,02:19:49
307,2015-10-15,2019-04-24 05:15:11,30,2019-04-24,05:15:11
308,2009-11-17,2019-04-24 13:50:52,30,2019-04-24,13:50:52
309,2010-09-11,2019-04-25 13:12:08,30,2019-04-25,13:12:08
310,2010-06-08,2019-05-01 21:04:56,30,2019-05-01,21:04:56
311,2009-08-16,2019-04-27 14:53:54,30,2019-04-27,14:53:54
312,2017-01-13,2019-04-25 04:46:57,30,2019-04-25,04:46:57
313,2015-12-06,2019-04-25 15:14:30,30,2019-04-25,15:14:30
314,2010-08-30,2019-04-26 01:15:25,30,2019-04-26,01:15:25
315,2008-05-12,2019-04-26 02:53:48,30,2019-04-26,02:53:48
316,2018-07-27,2019-04-24 11:05:57,30,2019-04-24,11:05:57
317,2011-08-10,2019-05-07 17:44:15,30,2019-05-07,17:44:15
318,2011-11-18,2019-05-05 23:34:23,30,2019-05-05,23:34:23
319,2011-04-21,2019-04-29 17:35:34,30,2019-04-29,17:35:34
320,2010-03-20,2019-04-29 08:21:49,30,2019-04-29,08:21:49
321,2006-05-22,2019-05-04 20:16:11,30,2019-05-04,20:16:11
322,2016-02-08,2019-04-24 14:51:29,30,2019-04-24,14:51:29
323,2014-07-18,2019-04-27 12:12:02,30,2019-04-27,12:12:02
324,2013-09-17,2019-04-28 11:25:01,30,2019-04-28,11:25:01
325,2013-03-24,2019-04-24 21:41:32,30,2019-04-24,21:41:32
326,2012-10-28,2019-05-15 08:38:17,30,2019-05-15,08:38:17
327,2010-08-11,2019-04-29 17:26:04,30,2019-04-29,17:26:04
328,2013-03-30,2019-04-25 22:37:00,30,2019-04-25,22:37:00
329,2008-03-14,2019-04-24 12:15:51,30,2019-04-24,12:15:51
330,2008-04-01,2019-05-02 23:37:22,30,2019-05-02,23:37:22
331,2014-02-23,2019-04-24 21:31:44,30,2019-04-24,21:31:44
332,2018-08-28,2019-04-24 20:06:39,30,2019-04-24,20:06:39
333,2016-11-09,2019-04-24 19:48:53,30,2019-04-24,19:48:53
334,2007-12-08,2019-04-24 23:59:23,30,2019-04-24,23:59:23
335,2017-04-12,2019-04-25 11:33:22,30,2019-04-25,11:33:22
336,2018-07-11,2019-04-24 23:57:11,30,2019-04-24,23:57:11
337,2013-07-24,2019-04-24 03:34:48,30,2019-04-24,03:34:48
338,2017-05-27,2019-05-02 21:09:03,30,2019-05-02,21:09:03
339,2006-12-31,2019-04-25 19:44:02,30,2019-04-25,19:44:02
340,2008-03-19,2019-05-02 10:53:11,30,2019-05-02,10:53:11
341,2008-04-10,2019-04-25 00:08:39,30,2019-04-25,00:08:39
342,2006-07-04,2019-04-26 17:39:06,30,2019-04-26,17:39:06
343,2007-02-12,2019-04-24 14:21:55,30,2019-04-24,14:21:55
344,2009-05-18,2019-04-24 15:40:16,30,2019-04-24,15:40:16
345,2011-11-11,2019-04-24 13:39:52,30,2019-04-24,13:39:52
346,2010-12-08,2019-05-09 15:39:12,30,2019-05-09,15:39:12
347,2012-04-21,2019-04-25 22:52:42,30,2019-04-25,22:52:42
348,2014-10-14,2019-04-24 03:29:57,30,2019-04-24,03:29:57
349,2015-11-28,2019-04-28 07:13:34,30,2019-04-28,07:13:34
350,2010-10-21,2019-04-24 20:25:03,30,2019-04-24,20:25:03
351,2009-02-27,2019-04-26 00:35:31,30,2019-04-26,00:35:31
352,2015-12-31,2019-04-27 09:24:27,30,2019-04-27,09:24:27
353,2012-08-10,2019-04-26 08:54:50,30,2019-04-26,08:54:50
354,2008-03-30,2019-04-24 10:51:45,30,2019-04-24,10:51:45
355,2012-07-20,2019-04-25 04:44:06,30,2019-04-25,04:44:06
356,2010-09-20,2019-04-24 13:33:13,30,2019-04-24,13:33:13
357,2018-04-26,2019-04-25 15:22:13,30,2019-04-25,15:22:13
358,2018-01-28,2019-04-24 17:46:25,30,2019-04-24,17:46:25
359,2007-12-12,2019-04-26 17:03:09,30,2019-04-26,17:03:09
360,2008-01-16,2019-04-30 00:17:13,30,2019-04-30,00:17:13
361,2015-09-04,2019-04-25 07:10:20,30,2019-04-25,07:10:20
362,2006-12-12,2019-04-25 22:23:47,30,2019-04-25,22:23:47
363,2010-01-24,2019-04-24 22:02:02,30,2019-04-24,22:02:02
364,2011-07-24,2019-04-24 22:13:16,30,2019-04-24,22:13:16
365,2017-08-14,2019-05-13 21:58:07,30,2019-05-13,21:58:07
366,2013-03-28,2019-04-24 23:57:04,30,2019-04-24,23:57:04
367,2012-04-01,2019-04-26 20:39:15,30,2019-04-26,20:39:15
368,2010-09-18,2019-04-26 22:47:05,30,2019-04-26,22:47:05
369,2008-05-06,2019-04-27 22:22:11,30,2019-04-27,22:22:11
370,2012-11-07,2019-05-03 21:02:24,30,2019-05-03,21:02:24
371,2008-11-12,2019-04-26 17:32:00,30,2019-04-26,17:32:00
372,2010-06-03,2019-04-25 03:07:18,30,2019-04-25,03:07:18
373,2017-01-06,2019-04-25 06:43:37,30,2019-04-25,06:43:37
374,2014-03-14,2019-04-24 03:09:11,30,2019-04-24,03:09:11
375,2017-01-30,2019-04-24 17:11:18,30,2019-04-24,17:11:18
376,2007-12-27,2019-05-22 14:51:51,30,2019-05-22,14:51:51
377,2011-02-10,2019-04-30 01:22:02,30,2019-04-30,01:22:02
378,2010-08-02,2019-04-24 03:26:20,30,2019-04-24,03:26:20
379,2013-08-14,2019-04-27 22:44:04,30,2019-04-27,22:44:04
380,2011-02-04,2019-04-27 18:13:00,30,2019-04-27,18:13:00
381,2010-12-02,2019-04-25 08:12:29,30,2019-04-25,08:12:29
382,2007-04-29,2019-04-28 16:58:38,30,2019-04-28,16:58:38
383,2006-05-04,2019-04-24 12:06:55,30,2019-04-24,12:06:55
384,2017-07-06,2019-05-02 15:36:20,30,2019-05-02,15:36:20
385,2018-08-02,2019-04-24 17:56:30,30,2019-04-24,17:56:30
386,2009-06-25,2019-04-25 09:30:06,30,2019-04-25,09:30:06
387,2015-03-06,2019-04-27 16:02:49,30,2019-04-27,16:02:49
388,2009-01-07,2019-04-27 22:42:15,30,2019-04-27,22:42:15
389,2008-05-02,2019-04-28 00:27:26,30,2019-04-28,00:27:26
390,2010-09-30,2019-05-28 01:42:59,30,2019-05-28,01:42:59
391,2007-10-06,2019-05-04 21:02:59,30,2019-05-04,21:02:59
392,2007-07-01,2019-04-28 10:52:28,30,2019-04-28,10:52:28
393,2017-07-26,2019-04-24 12:40:40,30,2019-04-24,12:40:40
394,2010-02-06,2019-04-27 17:14:50,30,2019-04-27,17:14:50
395,2012-10-13,2019-05-06 22:46:16,30,2019-05-06,22:46:16
396,2008-12-16,2019-04-27 22:37:32,30,2019-04-27,22:37:32
397,2014-06-02,2019-04-25 19:21:59,30,2019-04-25,19:21:59
398,2007-04-29,2019-05-01 12:07:39,30,2019-05-01,12:07:39
399,2007-09-23,2019-04-27 21:55:00,30,2019-04-27,21:55:00
400,2017-12-26,2019-04-29 17:35:34,30,2019-04-29,17:35:34
401,2008-05-20,2019-04-27 01:47:15,30,2019-04-27,01:47:15
402,2016-05-28,2019-04-27 17:12:10,30,2019-04-27,17:12:10
403,2007-04-12,2019-04-25 22:29:15,30,2019-04-25,22:29:15
404,2011-09-12,2019-04-24 23:42:04,30,2019-04-24,23:42:04
405,2010-02-17,2019-04-25 18:43:18,30,2019-04-25,18:43:18
406,2010-10-30,2019-04-25 10:20:31,30,2019-04-25,10:20:31
407,2007-08-09,2019-04-26 16:57:28,30,2019-04-26,16:57:28
408,2006-04-13,2019-04-26 22:10:24,30,2019-04-26,22:10:24
409,2006-03-09,2019-04-24 19:17:58,30,2019-04-24,19:17:58
410,2007-09-29,2019-04-29 15:37:38,30,2019-04-29,15:37:38
411,2007-08-05,2019-04-25 21:28:31,30,2019-04-25,21:28:31
412,2008-02-18,2019-05-06 07:36:17,30,2019-05-06,07:36:17
413,2010-01-30,2019-05-11 00:53:13,30,2019-05-11,00:53:13
414,2012-05-13,2019-04-28 08:47:59,30,2019-04-28,08:47:59
415,2009-09-12,2019-04-24 22:51:56,30,2019-04-24,22:51:56
416,2010-12-31,2019-04-27 13:04:51,30,2019-04-27,13:04:51
417,2013-04-21,2019-04-27 17:24:11,30,2019-04-27,17:24:11
418,2010-01-23,2019-05-04 01:17:17,30,2019-05-04,01:17:17
419,2006-09-20,2019-04-24 19:34:22,30,2019-04-24,19:34:22
420,2006-10-12,2019-05-03 21:54:08,30,2019-05-03,21:54:08
421,2010-03-07,2019-04-25 14:40:52,30,2019-04-25,14:40:52
422,2008-09-08,2019-05-01 11:21:49,30,2019-05-01,11:21:49
423,2011-11-08,2019-04-24 03:49:44,30,2019-04-24,03:49:44
424,2012-03-04,2019-05-14 20:59:14,30,2019-05-14,20:59:14
425,2019-02-18,2019-04-30 12:03:39,30,2019-04-30,12:03:39
426,2010-05-12,2019-04-27 16:44:03,30,2019-04-27,16:44:03
427,2011-02-27,2019-04-28 01:28:40,30,2019-04-28,01:28:40
428,2009-07-12,2019-04-24 22:48:03,30,2019-04-24,22:48:03
429,2006-04-09,2019-04-26 22:32:10,30,2019-04-26,22:32:10
430,2013-08-12,2019-04-24 23:13:10,30,2019-04-24,23:13:10
431,2008-11-14,2019-04-28 10:45:40,30,2019-04-28,10:45:40
432,2013-01-03,2019-04-25 05:36:26,30,2019-04-25,05:36:26
433,2008-08-11,2019-04-27 11:33:24,30,2019-04-27,11:33:24
434,2013-06-30,2019-05-12 20:30:08,30,2019-05-12,20:30:08
435,2018-10-09,2019-04-24 07:29:38,30,2019-04-24,07:29:38
436,2010-11-17,2019-04-24 07:14:06,30,2019-04-24,07:14:06
437,2013-03-13,2019-04-24 02:03:09,20,2019-04-24,02:03:09
438,2019-04-23,2019-04-24 00:00:05,10,2019-04-24,00:00:05
439,2011-03-18,2019-04-24 03:56:56,20,2019-04-24,03:56:56
440,2017-04-15,2019-04-24 03:50:30,10,2019-04-24,03:50:30
441,2018-10-12,2019-04-24 04:44:35,10,2019-04-24,04:44:35
442,2017-01-30,2019-04-24 01:21:14,20,2019-04-24,01:21:14
443,2017-08-30,2019-04-24 02:18:00,10,2019-04-24,02:18:00
444,2006-08-21,2019-04-24 11:22:30,10,2019-04-24,11:22:30
445,2009-08-13,2019-04-24 03:05:02,20,2019-04-24,03:05:02
446,2014-12-31,2019-04-24 08:08:36,10,2019-04-24,08:08:36
447,2011-01-30,2019-04-24 06:13:50,20,2019-04-24,06:13:50
448,2010-07-20,2019-04-24 02:55:45,10,2019-04-24,02:55:45
449,2016-02-02,2019-04-24 07:14:10,10,2019-04-24,07:14:10
450,2013-12-03,2019-04-24 22:29:57,20,2019-04-24,22:29:57
451,2018-08-18,2019-04-24 07:10:52,10,2019-04-24,07:10:52
452,2010-01-23,2019-04-24 04:22:24,10,2019-04-24,04:22:24
453,2012-11-27,2019-04-24 09:54:50,20,2019-04-24,09:54:50
454,2010-04-27,2019-04-24 07:52:05,10,2019-04-24,07:52:05
455,2006-08-16,2019-04-24 23:27:12,10,2019-04-24,23:27:12
456,2008-06-01,2019-04-24 04:03:18,20,2019-04-24,04:03:18
457,2013-09-19,2019-04-24 00:13:07,20,2019-04-24,00:13:07
458,2005-12-05,2019-04-24 23:07:42,10,2019-04-24,23:07:42
459,2010-10-18,2019-04-27 12:43:10,20,2019-04-27,12:43:10
460,2006-10-22,2019-04-25 20:28:01,20,2019-04-25,20:28:01
461,2012-07-18,2019-04-24 07:32:43,10,2019-04-24,07:32:43
462,2018-12-28,2019-04-24 07:54:53,10,2019-04-24,07:54:53
463,2019-02-25,2019-04-24 09:05:55,20,2019-04-24,09:05:55
464,2011-05-21,2019-04-24 17:19:38,20,2019-04-24,17:19:38
465,2008-06-09,2019-04-24 17:55:54,20,2019-04-24,17:55:54
466,2006-07-06,2019-04-24 15:40:54,10,2019-04-24,15:40:54
467,2016-07-18,2019-04-24 10:48:00,20,2019-04-24,10:48:00
468,2018-11-03,2019-04-24 08:10:39,20,2019-04-24,08:10:39
469,2011-04-26,2019-04-25 15:40:17,30,2019-04-25,15:40:17
470,2006-09-11,2019-04-27 20:34:31,20,2019-04-27,20:34:31
471,2010-05-19,2019-04-24 07:19:49,20,2019-04-24,07:19:49
472,2015-07-06,2019-04-24 07:24:27,20,2019-04-24,07:24:27
473,2016-06-12,2019-04-24 10:20:02,10,2019-04-24,10:20:02
474,2015-10-25,2019-04-25 23:14:18,20,2019-04-25,23:14:18
475,2010-09-18,2019-04-24 10:24:36,10,2019-04-24,10:24:36
476,2009-02-09,2019-04-28 23:27:27,10,2019-04-28,23:27:27
477,2017-09-09,2019-04-24 21:33:07,20,2019-04-24,21:33:07
478,2008-05-25,2019-05-05 10:47:49,20,2019-05-05,10:47:49
479,2016-11-07,2019-04-24 18:14:11,20,2019-04-24,18:14:11
480,2013-07-01,2019-04-24 11:25:01,20,2019-04-24,11:25:01
481,2016-05-23,2019-05-01 22:40:28,20,2019-05-01,22:40:28
482,2008-10-25,2019-05-01 12:02:51,10,2019-05-01,12:02:51
483,2008-06-24,2019-04-24 16:56:25,20,2019-04-24,16:56:25
484,2007-04-25,2019-04-25 01:17:12,10,2019-04-25,01:17:12
485,2009-07-09,2019-04-29 22:41:02,10,2019-04-29,22:41:02
486,2014-11-09,2019-04-25 14:05:42,10,2019-04-25,14:05:42
487,2008-12-07,2019-04-27 16:11:06,20,2019-04-27,16:11:06
488,2013-01-05,2019-05-13 22:47:16,20,2019-05-13,22:47:16
489,2010-10-28,2019-04-24 23:47:00,20,2019-04-24,23:47:00
490,2006-02-09,2019-04-25 04:03:33,20,2019-04-25,04:03:33
491,2009-04-11,2019-04-26 17:00:27,10,2019-04-26,17:00:27
492,2010-12-29,2019-04-24 16:10:50,10,2019-04-24,16:10:50
493,2016-12-06,2019-04-26 17:23:07,20,2019-04-26,17:23:07
494,2010-03-27,2019-04-26 17:44:33,10,2019-04-26,17:44:33
495,2012-03-09,2019-04-28 07:12:20,20,2019-04-28,07:12:20
496,2017-12-25,2019-04-24 07:46:47,20,2019-04-24,07:46:47
497,2009-07-30,2019-04-24 13:56:35,20,2019-04-24,13:56:35
498,2007-05-23,2019-04-29 19:42:36,20,2019-04-29,19:42:36
499,2010-12-04,2019-04-29 00:58:10,20,2019-04-29,00:58:10
500,2010-09-10,2019-04-27 03:20:18,20,2019-04-27,03:20:18
501,2005-10-20,2019-05-06 16:36:38,20,2019-05-06,16:36:38
502,2013-11-04,2019-04-24 16:50:34,20,2019-04-24,16:50:34
503,2007-01-14,2019-04-24 17:55:53,10,2019-04-24,17:55:53
504,2016-11-27,2019-04-26 18:51:43,10,2019-04-26,18:51:43
505,2006-10-19,2019-04-27 17:00:23,20,2019-04-27,17:00:23
506,2011-12-10,2019-04-27 20:17:28,20,2019-04-27,20:17:28
507,2010-06-03,2019-04-26 23:16:51,10,2019-04-26,23:16:51
508,2017-02-23,2019-04-25 14:40:00,20,2019-04-25,14:40:00
509,2016-08-11,2019-04-25 16:59:52,10,2019-04-25,16:59:52
510,2018-09-18,2019-05-07 06:30:20,20,2019-05-07,06:30:20
511,2009-06-02,2019-04-25 18:12:02,20,2019-04-25,18:12:02
512,2018-11-18,2019-04-24 04:37:45,20,2019-04-24,04:37:45
513,2014-05-16,2019-04-29 17:35:45,20,2019-04-29,17:35:45
514,2006-05-22,2019-04-27 16:29:55,10,2019-04-27,16:29:55
515,2009-11-30,2019-04-24 12:48:45,20,2019-04-24,12:48:45
516,2017-04-24,2019-04-24 08:58:44,20,2019-04-24,08:58:44
517,2018-10-05,2019-04-26 10:49:35,10,2019-04-26,10:49:35
518,2016-09-28,2019-04-27 21:07:32,10,2019-04-27,21:07:32
519,2010-07-27,2019-04-26 07:51:33,10,2019-04-26,07:51:33
520,2013-05-07,2019-05-01 19:06:23,10,2019-05-01,19:06:23
521,2010-02-27,2019-05-09 13:05:42,20,2019-05-09,13:05:42
522,2018-07-27,2019-04-24 14:41:15,10,2019-04-24,14:41:15
523,2011-04-23,2019-04-26 14:30:11,20,2019-04-26,14:30:11
524,2008-01-14,2019-04-25 01:22:22,10,2019-04-25,01:22:22
525,2018-08-16,2019-04-26 10:38:50,20,2019-04-26,10:38:50
526,2008-08-11,2019-04-26 18:37:00,10,2019-04-26,18:37:00
527,2009-06-23,2019-04-24 23:31:05,10,2019-04-24,23:31:05
528,2011-08-05,2019-04-24 13:24:27,20,2019-04-24,13:24:27
529,2015-12-06,2019-04-24 09:29:54,20,2019-04-24,09:29:54
530,2012-03-28,2019-04-24 03:18:38,10,2019-04-24,03:18:38
531,2015-11-21,2019-04-29 01:21:02,10,2019-04-29,01:21:02
532,2018-06-20,2019-04-25 01:16:08,20,2019-04-25,01:16:08
533,2016-02-09,2019-04-26 10:38:56,20,2019-04-26,10:38:56
534,2006-12-10,2019-05-03 22:13:32,20,2019-05-03,22:13:32
535,2008-10-23,2019-04-24 17:49:43,20,2019-04-24,17:49:43
536,2008-01-25,2019-04-26 13:04:28,20,2019-04-26,13:04:28
537,2017-11-23,2019-04-25 00:37:09,20,2019-04-25,00:37:09
538,2014-06-06,2019-04-25 09:37:10,20,2019-04-25,09:37:10
539,2017-08-14,2019-05-05 19:56:08,10,2019-05-05,19:56:08
540,2013-02-26,2019-04-28 01:44:48,10,2019-04-28,01:44:48
541,2011-11-10,2019-05-02 06:14:44,20,2019-05-02,06:14:44
542,2019-04-24,2019-04-24 00:39:55,10,2019-04-24,00:39:55
543,2010-09-26,2019-04-27 23:58:40,10,2019-04-27,23:58:40
544,2016-11-01,2019-04-28 02:05:48,20,2019-04-28,02:05:48
545,2013-06-13,2019-04-28 22:10:24,20,2019-04-28,22:10:24
546,2012-10-20,2019-04-24 22:37:11,20,2019-04-24,22:37:11
547,2007-10-18,2019-05-04 15:19:49,10,2019-05-04,15:19:49
548,2012-02-22,2019-04-26 18:48:57,20,2019-04-26,18:48:57
549,2011-06-18,2019-04-27 21:02:33,10,2019-04-27,21:02:33
550,2010-03-06,2019-05-01 21:51:58,20,2019-05-01,21:51:58
551,2010-08-08,2019-04-26 14:41:08,20,2019-04-26,14:41:08
552,2012-01-10,2019-04-27 16:36:30,20,2019-04-27,16:36:30
553,2019-02-12,2019-04-24 12:57:48,10,2019-04-24,12:57:48
554,2009-07-08,2019-04-28 02:40:36,20,2019-04-28,02:40:36
555,2011-04-03,2019-05-03 00:39:43,20,2019-05-03,00:39:43
556,2009-12-31,2019-04-26 10:48:40,10,2019-04-26,10:48:40
557,2009-08-27,2019-05-12 12:22:21,20,2019-05-12,12:22:21
558,2009-10-30,2019-05-11 10:08:11,10,2019-05-11,10:08:11
559,2013-05-04,2019-04-29 01:01:54,20,2019-04-29,01:01:54
560,2007-11-27,2019-04-25 20:24:59,10,2019-04-25,20:24:59
561,2011-02-06,2019-04-24 09:14:52,20,2019-04-24,09:14:52
562,2011-06-03,2019-04-24 15:32:47,10,2019-04-24,15:32:47
563,2011-07-28,2019-04-26 10:26:36,20,2019-04-26,10:26:36
564,2009-10-18,2019-05-08 02:30:51,20,2019-05-08,02:30:51
565,2007-02-15,2019-04-25 08:05:19,10,2019-04-25,08:05:19
566,2019-02-21,2019-04-26 11:44:19,10,2019-04-26,11:44:19
567,2006-09-18,2019-04-29 23:38:37,20,2019-04-29,23:38:37
568,2005-09-20,2019-05-04 15:46:21,20,2019-05-04,15:46:21
569,2010-06-17,2019-05-04 21:51:11,10,2019-05-04,21:51:11
570,2018-02-24,2019-04-24 19:56:20,20,2019-04-24,19:56:20
571,2015-03-11,2019-04-26 02:01:54,10,2019-04-26,02:01:54
572,2007-08-13,2019-04-25 22:36:32,20,2019-04-25,22:36:32
573,2014-03-31,2019-04-26 10:26:57,10,2019-04-26,10:26:57
574,2011-03-25,2019-04-25 19:05:12,10,2019-04-25,19:05:12
575,2011-06-13,2019-04-26 09:55:21,20,2019-04-26,09:55:21
576,2009-08-08,2019-05-04 07:21:16,10,2019-05-04,07:21:16
577,2008-12-14,2019-04-30 05:26:50,20,2019-04-30,05:26:50
578,2011-03-13,2019-06-30 19:42:03,20,2019-06-30,19:42:03
579,2018-10-09,2019-04-25 09:05:22,20,2019-04-25,09:05:22
580,2012-08-30,2019-04-30 20:17:26,20,2019-04-30,20:17:26
581,2012-01-19,2019-04-26 12:57:00,10,2019-04-26,12:57:00
582,2016-02-10,2019-04-24 21:59:24,20,2019-04-24,21:59:24
583,2011-02-13,2019-05-03 18:45:11,20,2019-05-03,18:45:11
584,2015-01-17,2019-04-25 02:37:20,20,2019-04-25,02:37:20
585,2007-11-25,2019-04-27 09:23:11,20,2019-04-27,09:23:11
586,2010-12-19,2019-04-30 17:39:32,20,2019-04-30,17:39:32
587,2006-09-22,2019-05-16 01:41:24,10,2019-05-16,01:41:24
588,2011-01-28,2019-04-25 17:10:10,10,2019-04-25,17:10:10
589,2005-10-09,2019-05-20 04:52:44,10,2019-05-20,04:52:44
590,2010-04-04,2019-05-10 15:45:24,20,2019-05-10,15:45:24
591,2009-12-06,2019-04-27 00:33:18,10,2019-04-27,00:33:18
592,2010-11-26,2019-04-27 03:54:03,20,2019-04-27,03:54:03
593,2015-07-11,2019-04-28 22:23:10,10,2019-04-28,22:23:10
594,2013-08-12,2019-04-26 11:30:35,20,2019-04-26,11:30:35
595,2018-10-11,2019-04-27 11:31:46,10,2019-04-27,11:31:46
596,2011-05-31,2019-04-26 09:21:43,20,2019-04-26,09:21:43
597,2011-03-15,2019-04-24 23:16:50,10,2019-04-24,23:16:50
598,2009-08-19,2019-04-24 23:14:08,20,2019-04-24,23:14:08
599,2015-04-14,2019-05-05 13:02:38,20,2019-05-05,13:02:38
600,2013-01-04,2019-05-01 18:49:43,10,2019-05-01,18:49:43
601,2014-10-31,2019-06-24 14:42:22,20,2019-06-24,14:42:22
602,2006-03-11,2019-04-24 23:54:42,10,2019-04-24,23:54:42
603,2017-02-04,2019-04-25 11:35:33,20,2019-04-25,11:35:33
604,2008-10-11,2019-04-27 06:02:30,20,2019-04-27,06:02:30
605,2012-01-06,2019-05-13 11:13:43,20,2019-05-13,11:13:43
606,2013-05-18,2019-05-04 09:44:46,10,2019-05-04,09:44:46
607,2006-10-13,2019-05-13 20:06:21,20,2019-05-13,20:06:21
608,2015-09-25,2019-04-25 23:45:04,20,2019-04-25,23:45:04
609,2017-08-19,2019-06-20 09:30:08,10,2019-06-20,09:30:08
610,2018-08-22,2019-04-24 10:08:25,20,2019-04-24,10:08:25
611,2016-06-08,2019-04-26 14:00:46,10,2019-04-26,14:00:46
612,2008-06-05,2019-04-30 23:40:01,20,2019-04-30,23:40:01
613,2016-05-08,2019-05-03 18:56:52,20,2019-05-03,18:56:52
614,2011-04-04,2019-04-27 17:39:18,20,2019-04-27,17:39:18
615,2009-12-09,2019-04-24 02:49:18,10,2019-04-24,02:49:18
616,2010-12-06,2019-04-24 02:58:32,20,2019-04-24,02:58:32
617,2010-12-18,2019-05-07 08:38:54,20,2019-05-07,08:38:54
618,2018-08-29,2019-04-25 23:16:13,10,2019-04-25,23:16:13
619,2013-10-07,2019-04-27 00:32:24,20,2019-04-27,00:32:24
620,2012-08-11,2019-04-25 13:58:02,20,2019-04-25,13:58:02
621,2009-09-30,2019-04-28 09:36:39,20,2019-04-28,09:36:39
622,2007-10-03,2019-05-14 09:43:42,20,2019-05-14,09:43:42
623,2012-10-05,2019-04-24 11:00:15,20,2019-04-24,11:00:15
624,2005-08-01,2019-04-28 01:07:28,20,2019-04-28,01:07:28
625,2011-07-13,2019-04-29 15:05:05,20,2019-04-29,15:05:05
626,2009-02-21,2019-04-28 00:24:00,20,2019-04-28,00:24:00
627,2011-05-03,2019-04-26 12:33:15,20,2019-04-26,12:33:15
628,2007-11-15,2019-04-30 01:13:25,20,2019-04-30,01:13:25
629,2016-07-19,2019-04-29 13:25:29,10,2019-04-29,13:25:29
630,2010-06-04,2019-04-27 05:41:28,10,2019-04-27,05:41:28
631,2017-12-07,2019-04-26 22:18:55,20,2019-04-26,22:18:55
632,2012-11-19,2019-04-25 14:13:51,20,2019-04-25,14:13:51
633,2009-11-19,2019-05-14 10:04:30,20,2019-05-14,10:04:30
634,2011-02-05,2019-04-30 23:39:39,10,2019-04-30,23:39:39
635,2008-02-15,2019-04-25 16:39:12,10,2019-04-25,16:39:12
636,2016-03-20,2019-04-25 10:45:00,20,2019-04-25,10:45:00
637,2006-10-24,2019-04-30 00:00:32,20,2019-04-30,00:00:32
638,2013-01-06,2019-04-28 13:01:14,20,2019-04-28,13:01:14
639,2009-10-09,2019-04-28 23:56:41,10,2019-04-28,23:56:41
640,2015-12-28,2019-04-24 08:14:18,20,2019-04-24,08:14:18
641,2015-08-09,2019-04-24 21:25:39,20,2019-04-24,21:25:39
642,2009-04-18,2019-05-04 19:59:37,20,2019-05-04,19:59:37
643,2012-05-27,2019-04-24 04:09:59,20,2019-04-24,04:09:59
644,2018-02-13,2019-04-24 09:34:34,10,2019-04-24,09:34:34
645,2017-11-19,2019-04-28 13:01:29,20,2019-04-28,13:01:29
646,2007-12-07,2019-05-08 01:18:22,20,2019-05-08,01:18:22
647,2014-10-06,2019-04-27 15:45:07,10,2019-04-27,15:45:07
648,2010-05-30,2019-04-26 11:01:54,20,2019-04-26,11:01:54
649,2010-07-19,2019-05-07 12:28:35,20,2019-05-07,12:28:35
650,2012-02-28,2019-05-08 05:25:00,20,2019-05-08,05:25:00
651,2012-09-02,2019-04-27 02:28:07,10,2019-04-27,02:28:07
652,2008-02-16,2019-04-26 13:56:17,20,2019-04-26,13:56:17
653,2009-12-15,2019-04-24 16:12:10,20,2019-04-24,16:12:10
654,2011-08-28,2019-04-29 10:37:49,20,2019-04-29,10:37:49
655,2010-11-21,2019-04-27 17:58:13,20,2019-04-27,17:58:13
656,2008-09-29,2019-05-11 03:07:49,20,2019-05-11,03:07:49
657,2015-06-21,2019-04-24 06:29:14,20,2019-04-24,06:29:14
658,2017-04-21,2019-05-08 08:14:49,20,2019-05-08,08:14:49
659,2018-09-26,2019-05-08 05:17:11,20,2019-05-08,05:17:11
660,2012-03-09,2019-05-12 13:33:23,20,2019-05-12,13:33:23
661,2007-12-22,2019-05-06 22:28:53,20,2019-05-06,22:28:53
662,2010-05-16,2019-04-27 09:57:56,20,2019-04-27,09:57:56
663,2009-07-18,2019-05-01 12:07:20,10,2019-05-01,12:07:20
664,2012-04-06,2019-05-12 19:00:41,20,2019-05-12,19:00:41
665,2012-12-29,2019-04-24 22:39:18,20,2019-04-24,22:39:18
666,2008-12-13,2019-05-02 16:58:44,20,2019-05-02,16:58:44
667,2010-02-12,2019-04-27 00:41:03,20,2019-04-27,00:41:03
668,2010-05-08,2019-05-05 12:15:16,20,2019-05-05,12:15:16
669,2014-01-08,2019-05-01 18:39:10,10,2019-05-01,18:39:10
670,2010-12-17,2019-04-27 00:38:55,20,2019-04-27,00:38:55
671,2011-01-18,2019-05-01 00:19:47,10,2019-05-01,00:19:47
672,2010-10-30,2019-04-26 21:08:25,10,2019-04-26,21:08:25
673,2006-10-07,2019-04-26 08:35:17,20,2019-04-26,08:35:17
674,2005-12-01,2019-04-25 23:35:01,20,2019-04-25,23:35:01
675,2007-10-06,2019-04-27 17:50:46,20,2019-04-27,17:50:46
676,2017-02-01,2019-04-26 21:17:53,10,2019-04-26,21:17:53
